lefthip_angles_angles,leftknee_angles_angles,leftfoot_angles_angles,righthip_angles_angles,rightknee_angles_angles,rightfoot_angles_angles,leftshoulder_angles_angles,leftelbow_angles_angles,leftwrist_angles_angles,rightshoulder_angles_angles,rightelbow_angles_angles,rightwrist_angles_angles,hips_angles_angles,neck_angles_angles
[ 0.17671137 -0.03217113  0.00285017],[-0.40227131  0.11898268  0.02428716],[0. 0. 0.],[ 0.17560118 -0.13226862  0.01166007],[-0.52764125  0.24422341  0.06627442],[0. 0. 0.],[ 0.65024071 -0.48722769 -1.27072368],[ 0.04149858 -0.01669481 -0.76488874],[0. 0. 0.],[ 0.76000444 -0.05676668 -0.14192392],[-1.08693132 -0.59041633  0.93263359],[0. 0. 0.],[ 3.11512073 -0.22971624  1.88072842],[-0.66145494 -0.21299391  0.60369042]
[ 0.19456409 -0.03306979  0.00322758],[-0.44606217  0.12865531  0.02921781],[0. 0. 0.],[ 0.19101618 -0.1317374   0.0126385 ],[-0.53601455  0.24192316  0.06673663],[0. 0. 0.],[ 0.64858547 -0.48061168 -1.25977233],[ 0.04474629 -0.0175645  -0.74801358],[0. 0. 0.],[ 0.80248704 -0.11673366 -0.27373731],[-1.05517043 -0.47307795  0.78451452],[0. 0. 0.],[ 3.11859854 -0.22967608  1.87328873],[-0.65147456 -0.209318    0.60301749]
[ 0.25416879 -0.03267913  0.00417588],[-0.58392171  0.14766274  0.04445346],[0. 0. 0.],[ 0.26419838 -0.13943508  0.0185567 ],[-0.60740322  0.25083255  0.07898378],[0. 0. 0.],[ 0.64014396 -0.47490676 -1.26133918],[ 0.0420609  -0.0161064  -0.73132652],[0. 0. 0.],[ 0.80102411 -0.11856368 -0.27854309],[-1.03194674 -0.53663555  0.90270217],[0. 0. 0.],[ 3.12696456 -0.21423381  1.85289076],[-0.64867774 -0.21546013  0.62243172]
[ 0.24926256 -0.02475177  0.00310107],[-0.41599488  0.10912946  0.02305361],[0. 0. 0.],[ 0.27862511 -0.13607812  0.01910991],[-0.61369224  0.24697535  0.07861471],[0. 0. 0.],[ 0.62698371 -0.47097861 -1.27432581],[ 0.04059781 -0.01507869 -0.71117283],[0. 0. 0.],[ 0.82192418 -0.17506928 -0.39745497],[-0.88366177 -0.28676646  0.59247417],[0. 0. 0.],[ 3.13121678 -0.20514694  1.83685744],[-0.64341729 -0.22038232  0.6410359 ]
[ 0.25195595 -0.01475893  0.00186923],[-0.41743602  0.10318045  0.02187242],[0. 0. 0.],[ 0.27924877 -0.13763611  0.01937321],[-0.60584316  0.25603538  0.08041804],[0. 0. 0.],[ 0.61463159 -0.46441364 -1.28071416],[ 0.05752251 -0.02159426 -0.71809614],[0. 0. 0.],[ 0.83641963 -0.17433182 -0.38830465],[-0.92627751 -0.34310948  0.66792244],[0. 0. 0.],[ 3.13608527 -0.20534171  1.83388994],[-0.64031959 -0.22104761  0.64596367]
[ 0.23699604 -0.00452933  0.00053924],[-0.49390208  0.12150356  0.03066598],[0. 0. 0.],[ 0.21951266 -0.11956572  0.01319157],[-0.4803229   0.2367964   0.05824458],[0. 0. 0.],[ 0.61581964 -0.46837487 -1.2871891 ],[ 0.05980054 -0.02349208 -0.7484671 ],[0. 0. 0.],[ 0.84742455 -0.18599116 -0.40781276],[-0.91739469 -0.35658719  0.69980734],[0. 0. 0.],[ 3.14133013 -0.21496107  1.83409282],[-0.63275822 -0.21883519  0.64751836]
[ 0.21210059  0.00576264 -0.00061343],[-0.44600542  0.11372061  0.02581532],[0. 0. 0.],[ 0.19538958 -0.10442579  0.01024366],[-0.47780897  0.2299136   0.05622997],[0. 0. 0.],[ 0.6054775  -0.46916037 -1.30622619],[ 0.05474668 -0.0216152  -0.75192542],[0. 0. 0.],[ 0.86255676 -0.18926953 -0.40683076],[-0.94024674 -0.36129812  0.69012334],[0. 0. 0.],[-3.1378836  -0.21530005  1.83841672],[-0.62987399 -0.21740117  0.64646942]
[ 0.18763808  0.01284786 -0.00120894],[-0.44293521  0.12000656  0.02705161],[0. 0. 0.],[ 0.1817185  -0.09364169  0.00853789],[-0.49847854  0.22396876  0.05723103],[0. 0. 0.],[ 0.59343868 -0.46995676 -1.32858681],[ 0.03500989 -0.01426423 -0.77373791],[0. 0. 0.],[ 0.86619298 -0.20430202 -0.43634026],[-0.89051209 -0.29612433  0.60585844],[0. 0. 0.],[-3.13536137 -0.2006675   1.84067845],[-0.63715133 -0.222652    0.65359022]
[ 0.18275695  0.01546323 -0.00141698],[-0.48296772  0.13053492  0.03219239],[0. 0. 0.],[ 0.17440998 -0.08821313  0.00771715],[-0.49125364  0.21893359  0.05509054],[0. 0. 0.],[ 0.59052501 -0.46898035 -1.33156184],[ 0.03357702 -0.01373157 -0.77635372],[0. 0. 0.],[ 0.87438513 -0.20751801 -0.43846417],[-0.89009043 -0.29950259  0.6127578 ],[0. 0. 0.],[-3.13382293 -0.19501371  1.84233374],[-0.64042533 -0.22467867  0.65581033]
[ 0.17307292  0.01759536 -0.00152649],[-0.48185452  0.13470701  0.03314458],[0. 0. 0.],[ 0.12304934 -0.07335644  0.00452095],[-0.41698359  0.20149871  0.04276863],[0. 0. 0.],[ 0.58478165 -0.46381757 -1.33047212],[ 0.03121653 -0.01210932 -0.74004129],[0. 0. 0.],[ 0.87863279 -0.20098701 -0.42271773],[-0.90230781 -0.28955982  0.58464146],[0. 0. 0.],[-3.13369023 -0.18505086  1.84285213],[-0.64275265 -0.2250909   0.65456723]
[ 0.14827923  0.0273637  -0.00203259],[-0.44161849  0.12550016  0.02820609],[0. 0. 0.],[ 0.11865377 -0.06349392  0.00377258],[-0.41657915  0.18650613  0.03952851],[0. 0. 0.],[ 0.57321686 -0.45329433 -1.32791035],[ 0.03072871 -0.01129786 -0.70460439],[0. 0. 0.],[ 0.86916016 -0.23172632 -0.49133742],[-0.78531222 -0.20543653  0.48786725],[0. 0. 0.],[-3.13247025 -0.16638111  1.83398752],[-0.64670861 -0.22857976  0.6600239 ]
[ 0.13378207  0.03066146 -0.0020542 ],[-0.43018535  0.12469361  0.02727576],[0. 0. 0.],[ 0.09660069 -0.05755417  0.00278282],[-0.40961302  0.18404035  0.03833225],[0. 0. 0.],[ 0.55155702 -0.4446427  -1.3480447 ],[ 0.02176696 -0.00766135 -0.67683867],[0. 0. 0.],[ 0.86731832 -0.23389572 -0.49694157],[-0.78506    -0.20547395  0.48812053],[0. 0. 0.],[-3.13244388 -0.14365007  1.83491182],[-0.66131767 -0.23715627  0.66813164]
[ 0.14177383  0.02479859 -0.00176094],[-0.42672036  0.12680843  0.02750918],[0. 0. 0.],[ 0.16128586 -0.07690137  0.00621808],[-0.46569126  0.19909215  0.04736183],[0. 0. 0.],[ 0.53876099 -0.44399165 -1.37069123],[ 0.01212859 -0.00531282 -0.82572229],[0. 0. 0.],[ 0.86947371 -0.22240971 -0.47197571],[-0.82960109 -0.24774653  0.55112085],[0. 0. 0.],[-3.13329106 -0.14376863  1.83670478],[-0.66152249 -0.2364462   0.66605262]
[ 0.1439004   0.0165437  -0.00119241],[-0.42615133  0.12986057  0.02813432],[0. 0. 0.],[ 0.20426716 -0.09755294  0.01000607],[-0.53709206  0.22458254  0.06204481],[0. 0. 0.],[ 0.54021473 -0.44500599 -1.37022958],[ 3.32311243e-04 -1.42216965e-04 -8.08755553e-01],[0. 0. 0.],[ 0.87928336 -0.20380393 -0.42815265],[-0.90887537 -0.29247761  0.5856477 ],[0. 0. 0.],[-3.13582974 -0.14312568  1.84042018],[-0.66532539 -0.23586373  0.66071689]
[ 0.17386123 -0.00528647  0.00046072],[-0.50197414  0.1548016   0.03976435],[0. 0. 0.],[ 0.29789623 -0.14172371  0.02130185],[-0.7104149   0.27514826  0.10262246],[0. 0. 0.],[ 0.53085211 -0.44228904 -1.38202049],[-0.02053741  0.00912415 -0.83613589],[0. 0. 0.],[ 0.88672998 -0.19972312 -0.41586482],[-0.95516131 -0.3331015   0.62814098],[0. 0. 0.],[-3.14104734 -0.14132943  1.84423847],[-0.66980298 -0.23523368  0.65464541]
[ 0.20976954 -0.02734221  0.00287852],[-0.57119893  0.17592349  0.05177789],[0. 0. 0.],[ 0.37754718 -0.17833288  0.03415747],[-0.80814303  0.3029119   0.13034011],[0. 0. 0.],[ 0.5185254  -0.43257318 -1.38366256],[-0.02136266  0.00954924 -0.84069986],[0. 0. 0.],[ 0.88376764 -0.18601405 -0.38933847],[-0.92244041 -0.28983931  0.57127048],[0. 0. 0.],[ 3.13662508 -0.14134069  1.84764198],[-0.67380486 -0.23453465  0.64892308]
[ 0.27534052 -0.04996411  0.00692377],[-0.5802613   0.17548032  0.05251333],[0. 0. 0.],[ 0.4918081  -0.2224751   0.05605434],[-0.8702802   0.32990374  0.15445648],[0. 0. 0.],[ 0.55335313 -0.45280733 -1.36308761],[ 0.00291472 -0.00129653 -0.83707809],[0. 0. 0.],[ 0.87541896 -0.19195216 -0.40577037],[-0.96011141 -0.41817177  0.77394062],[0. 0. 0.],[ 3.13278757 -0.20241058  1.84934623],[-0.64788587 -0.21689088  0.62710029]
[ 0.30916099 -0.06484227  0.01010741],[-0.5857794   0.17369019  0.05249847],[0. 0. 0.],[ 0.52918787 -0.24735915  0.06733951],[-0.87470876  0.3394761   0.1599233 ],[0. 0. 0.],[ 0.60218906 -0.46395346 -1.30064744],[ 0.02997433 -0.01398828 -0.87322351],[0. 0. 0.],[ 0.87934375 -0.16395794 -0.34585869],[-0.89727141 -0.29287057  0.59462901],[0. 0. 0.],[ 3.12677779 -0.23837157  1.84419874],[-0.63060577 -0.2052642   0.61169272]
[ 0.31461995 -0.07834101  0.01243269],[-0.5947996   0.18329475  0.05632084],[0. 0. 0.],[ 0.53566741 -0.2684538   0.07408281],[-0.88899177  0.35944867  0.17263723],[0. 0. 0.],[ 0.60237173 -0.46604907 -1.3048429 ],[ 0.03422903 -0.01580372 -0.86503182],[0. 0. 0.],[ 0.87396225 -0.16331982 -0.34690592],[-0.85857784 -0.28936938  0.61631063],[0. 0. 0.],[ 3.12120814 -0.24380193  1.8449041 ],[-0.63627519 -0.2044189   0.60385036]
[ 0.34722263 -0.09864913  0.01731439],[-0.74303667  0.21278417  0.08316929],[0. 0. 0.],[ 0.5887105  -0.31556335  0.096394  ],[-1.04599452  0.40487241  0.23557488],[0. 0. 0.],[ 0.59869084 -0.46471459 -1.30826026],[ 0.05214729 -0.02392721 -0.86022439],[0. 0. 0.],[ 0.83513439 -0.09093312 -0.20438916],[-0.98185925 -0.41257536  0.74623477],[0. 0. 0.],[ 3.11176663 -0.26055988  1.84336727],[-0.63497862 -0.19988267  0.59235807]
[ 0.41515444 -0.13916106  0.02935412],[-0.85139014  0.24885773  0.11330189],[0. 0. 0.],[ 0.62210329 -0.38072734  0.12374119],[-1.10363177  0.46735515  0.29098975],[0. 0. 0.],[ 0.59015734 -0.45990283 -1.31255965],[ 0.0302382  -0.01564639 -0.95495518],[0. 0. 0.],[ 0.85219354 -0.0797704  -0.17538471],[-0.9698497  -0.40756482  0.74754805],[0. 0. 0.],[ 3.1024559  -0.27047057  1.85038126],[-0.6399824  -0.19311157  0.56872594]
[ 0.54124896 -0.23129179  0.06443271],[-1.03162244  0.3018796   0.17205585],[0. 0. 0.],[ 1.10143929 -0.48779877  0.30329337],[-1.65849632  0.48027173  0.5224523 ],[0. 0. 0.],[ 0.58291763 -0.45064518 -1.3048577 ],[ 0.05927088 -0.03134216 -0.97266073],[0. 0. 0.],[ 0.87488241 -0.09243579 -0.19715639],[-0.97619137 -0.41460992  0.75434293],[0. 0. 0.],[ 3.07772015 -0.2683848   1.8635367 ],[-0.66526126 -0.18879708  0.53499124]
[ 0.87516994 -0.35243239  0.166224  ],[-1.60436061  0.34320412  0.35468103],[0. 0. 0.],[ 1.39373653 -0.542859    0.45768169],[-2.11588547  0.428721    0.73782332],[0. 0. 0.],[ 0.60005738 -0.45918983 -1.29397765],[ 0.03496957 -0.01900168 -0.99542913],[0. 0. 0.],[ 0.84540335 -0.09674678 -0.21442292],[-0.90379681 -0.41332402  0.8154413 ],[0. 0. 0.],[ 3.05865453 -0.25563171  1.89949579],[-0.70349163 -0.18189512  0.48712055]
[ 0.92667667 -0.38243126  0.19283133],[-1.70031803  0.33181411  0.37681828],[0. 0. 0.],[ 1.42418844 -0.5882199   0.51145385],[-2.15550776  0.44735742  0.80100212],[0. 0. 0.],[ 0.62160847 -0.46818255 -1.27721241],[ 0.02527013 -0.01349103 -0.98072249],[0. 0. 0.],[ 0.89774548 -0.09091273 -0.18831819],[-0.94427182 -0.41609402  0.78399704],[0. 0. 0.],[ 3.04368242 -0.25844964  1.90482946],[-0.72036974 -0.17816334  0.46571737]
[ 0.91397809 -0.39452106  0.19591456],[-1.68416244  0.32646085  0.364918  ],[0. 0. 0.],[ 1.37408885 -0.64796709  0.53765593],[-2.13969954  0.4868977   0.85173152],[0. 0. 0.],[ 0.64211199 -0.47451031 -1.25738138],[ 0.0105352  -0.00577621 -1.00303345],[0. 0. 0.],[ 0.91455863 -0.10548498 -0.21375352],[-0.90918026 -0.44162173  0.86111427],[0. 0. 0.],[ 3.03111001 -0.26668012  1.90431168],[-0.73509119 -0.17610391  0.45075779]
[ 0.9277317  -0.39271055  0.19837377],[-1.67845618  0.31639513  0.35173107],[0. 0. 0.],[ 1.40570777 -0.64327993  0.55025971],[-2.15054483  0.47898054  0.84862739],[0. 0. 0.],[ 0.65550627 -0.47183282 -1.23082221],[ 0.03083224 -0.01753762 -1.03429073],[0. 0. 0.],[ 0.92782465 -0.13259876 -0.26386934],[-0.72555579 -0.26702217  0.68018477],[0. 0. 0.],[ 3.02637769 -0.28380339  1.89458969],[-0.72487246 -0.1709263   0.44440973]
[ 0.94293322 -0.4056601   0.20893069],[-1.71603558  0.31736149  0.36612618],[0. 0. 0.],[ 1.41718077 -0.69906868  0.60559961],[-2.20949485  0.50789457  0.95273146],[0. 0. 0.],[ 0.6473607  -0.46661326 -1.2326061 ],[ 0.00984247 -0.00557165 -1.03020851],[0. 0. 0.],[ 0.95314212 -0.13575977 -0.26186556],[-0.7046958  -0.27218025  0.71301784],[0. 0. 0.],[ 3.02031241 -0.28696057  1.89863481],[-0.73887503 -0.16808016  0.42842248]
[ 1.12819691 -0.46166334  0.29521995],[-1.9705774   0.29264615  0.43741768],[0. 0. 0.],[ 1.47780225 -0.75646543  0.69470279],[-2.27556952  0.52987476  1.06149005],[0. 0. 0.],[ 0.59634496 -0.46360843 -1.30990127],[-0.03404824  0.01860858 -1.00030222],[0. 0. 0.],[ 0.93985603 -0.10822535 -0.2124993 ],[-0.72816743 -0.41054657  1.00010169],[0. 0. 0.],[ 3.00162562 -0.3006789   1.91211639],[-0.75607971 -0.16069512  0.40007889]
[ 1.34429492 -0.46428142  0.37189103],[-2.07931229  0.2738751   0.46081499],[0. 0. 0.],[ 1.58803862 -0.7475927   0.75939005],[-2.32842939  0.51778315  1.10286168],[0. 0. 0.],[ 0.57924574 -0.46197175 -1.33624263],[-0.08212863  0.04228319 -0.95056331],[0. 0. 0.],[ 1.00072056 -0.07841873 -0.14324976],[-0.73889183 -0.38224098  0.92675426],[0. 0. 0.],[ 2.9982136  -0.3431522   1.90726431],[-0.73678988 -0.14826998  0.38016102]
[ 1.43160741 -0.47152576  0.41191789],[-2.1126346   0.27430436  0.47897031],[0. 0. 0.],[ 1.68740525 -0.72234147  0.80301524],[-2.37159522  0.49998838  1.12453883],[0. 0. 0.],[ 0.58910887 -0.47188798 -1.34027657],[-0.09899081  0.04801649 -0.9027582 ],[0. 0. 0.],[ 1.14988556 -0.05143966 -0.0793624 ],[-0.68853564 -0.3240234   0.85542098],[0. 0. 0.],[ 2.99012643 -0.3844784   1.90419596],[-0.72902284 -0.14097144  0.3659328 ]
[ 1.54507881 -0.4528741   0.44174949],[-2.10420427  0.27202884  0.4706275 ],[0. 0. 0.],[ 1.74882588 -0.71084221  0.835596  ],[-2.39282706  0.49206687  1.13738399],[0. 0. 0.],[ 0.64381668 -0.48286031 -1.27195586],[-0.05827079  0.02762677 -0.88527429],[0. 0. 0.],[1.17994549 0.00587075 0.00876862],[-0.87410357 -0.36147714  0.74568428],[0. 0. 0.],[ 2.983848   -0.40808673  1.89854385],[-0.71999404 -0.13307152  0.35042998]
[ 1.62266791 -0.4465629   0.46950543],[-2.12441872  0.27179795  0.4810526 ],[0. 0. 0.],[ 1.82905038 -0.70337759  0.88927598],[-2.42664076  0.48711902  1.17406427],[0. 0. 0.],[ 0.67182572 -0.4834557  -1.22968357],[-0.03070362  0.01327792 -0.81628921],[0. 0. 0.],[1.08801077 0.15223535 0.25083916],[-1.09403486 -0.5271342   0.83418252],[0. 0. 0.],[ 2.97429406 -0.43404145  1.89408054],[-0.71483997 -0.12588142  0.33436333]
[ 1.78277416 -0.41776204  0.51331393],[-2.25930262  0.24401075  0.5081312 ],[0. 0. 0.],[ 1.94321767 -0.68703173  0.96494547],[-2.45484601  0.50286011  1.24597871],[0. 0. 0.],[ 0.76068383 -0.50534914 -1.14681996],[ 0.00763252 -0.00321755 -0.79789973],[0. 0. 0.],[0.97447447 0.30187796 0.55908185],[-1.28230917 -0.43488979  0.5756189 ],[0. 0. 0.],[ 2.9686444  -0.51482495  1.87362375],[-0.66204704 -0.11072336  0.3197573 ]
[ 1.81467976 -0.41956857  0.53187872],[-2.28507581  0.24738232  0.53177741],[0. 0. 0.],[ 1.97325846 -0.69003895  0.99582912],[-2.48206371  0.49565416  1.27321499],[0. 0. 0.],[ 0.77632244 -0.50930617 -1.13377426],[ 0.02983271 -0.01217696 -0.77502393],[0. 0. 0.],[1.01365029 0.34398436 0.60645579],[-1.44973673 -0.39052275  0.43939263],[0. 0. 0.],[ 2.96397134 -0.52119026  1.87513193],[-0.6648402  -0.10670285  0.30693747]
[ 1.82168416 -0.42680366  0.54461324],[-2.32760045  0.2402581   0.54606991],[0. 0. 0.],[ 1.97657278 -0.70544272  1.01914754],[-2.48914868  0.48887394  1.2706058 ],[0. 0. 0.],[ 0.77017602 -0.52317339 -1.1674576 ],[ 0.02166714 -0.00768599 -0.68174334],[0. 0. 0.],[1.03161811 0.40668273 0.6975592 ],[-1.53086521 -0.35485668  0.36899737],[0. 0. 0.],[ 2.95265289 -0.52474157  1.87727307],[-0.67397722 -0.10107699  0.28676543]
[ 1.83443012 -0.41936479  0.54205989],[-2.38316674  0.21856675  0.5373525 ],[0. 0. 0.],[ 1.97376846 -0.77605744  1.10796218],[-2.49709599  0.49155534  1.28866587],[0. 0. 0.],[ 0.77622875 -0.52942725 -1.17094001],[ 0.00541349 -0.00204132 -0.7211861 ],[0. 0. 0.],[0.97517077 0.35610205 0.6543204 ],[-1.32254717 -0.41203764  0.52474935],[0. 0. 0.],[ 2.94901149 -0.53227067  1.87305077],[-0.67404237 -0.0983767   0.27916378]
[ 1.89393925 -0.38967137  0.5352364 ],[-2.41187972  0.20618712  0.52904267],[0. 0. 0.],[ 2.04185788 -0.7616863   1.15731059],[-2.52281946  0.48420582  1.31555555],[0. 0. 0.],[ 0.77721802 -0.55029314 -1.20730488],[ 0.03028079 -0.01091371 -0.6918071 ],[0. 0. 0.],[0.64688425 0.29569899 0.83621119],[-1.20044882 -0.31515385  0.45620604],[0. 0. 0.],[ 2.95089954 -0.57833164  1.85337205],[-0.64618737 -0.09398038  0.27906539]
[ 1.92916882 -0.37411402  0.53301207],[-2.40519734  0.21749755  0.55157985],[0. 0. 0.],[ 2.08761803 -0.74646096  1.18470377],[-2.54431869  0.4882369   1.36056993],[0. 0. 0.],[ 0.76294467 -0.53464806 -1.19815706],[ 0.13797132 -0.05175312 -0.71682055],[0. 0. 0.],[0.57799468 0.23367198 0.75196217],[-1.12644746 -0.32571005  0.50913164],[0. 0. 0.],[ 2.94800381 -0.58485528  1.84218484],[-0.64940978 -0.09282836  0.27423325]
[ 1.92786808 -0.38521747  0.54771066],[-2.43604123  0.23042316  0.60907719],[0. 0. 0.],[ 2.15053217 -0.75939084  1.27193944],[-2.61417579  0.44116839  1.38613175],[0. 0. 0.],[ 0.74176644 -0.54163001 -1.24003787],[ 0.0661299  -0.02849462 -0.81347969],[0. 0. 0.],[0.66727227 0.24614953 0.68562241],[-1.18481339 -0.38485417  0.56356705],[0. 0. 0.],[ 2.95429598 -0.54990538  1.85566527],[-0.69911352 -0.09853184  0.26888808]
[ 1.9302561  -0.3855328   0.54947787],[-2.44761841  0.24892229  0.66615462],[0. 0. 0.],[ 2.15358755 -0.77806254  1.30122829],[-2.62972354  0.4391824   1.41239143],[0. 0. 0.],[ 0.72864661 -0.53985116 -1.2553093 ],[ 0.01056947 -0.00459328 -0.81990809],[0. 0. 0.],[0.59991505 0.26389121 0.81067907],[-1.19195365 -0.30060511  0.4393696 ],[0. 0. 0.],[ 2.96243574 -0.53305002  1.86127581],[-0.71097671 -0.10095749  0.27050118]
[ 1.95465138 -0.38638328  0.56451303],[-2.42332573  0.28481877  0.72965619],[0. 0. 0.],[ 2.21131244 -0.81361581  1.41878986],[-2.65144399  0.44810356  1.47787198],[0. 0. 0.],[ 0.71814697 -0.5318282  -1.25545008],[ 0.01212146 -0.0055386  -0.85718855],[0. 0. 0.],[-0.1591964  -0.110429    1.21189511],[-0.69361998  0.00588482 -0.01628229],[0. 0. 0.],[ 2.96371476 -0.52874446  1.86412344],[-0.71580684 -0.09839467  0.26178661]
[ 1.98628994 -0.38525901  0.58151408],[-2.42168601  0.29146839  0.74370492],[0. 0. 0.],[ 2.29641987 -0.80244372  1.51258247],[-2.69453998  0.41255586  1.4880605 ],[0. 0. 0.],[ 0.73145518 -0.53943968 -1.25054825],[ 0.04595508 -0.02123347 -0.86555056],[0. 0. 0.],[-0.18394252 -0.12172357  1.16771664],[-0.68305154  0.00503909 -0.01417628],[0. 0. 0.],[ 2.96253929 -0.5281908   1.87009756],[-0.72327595 -0.09442084  0.24850836]
[ 1.99578324 -0.38790226  0.59114637],[-2.44694115  0.29332684  0.77489926],[0. 0. 0.],[ 2.37110855 -0.80008072  1.61264948],[-2.73353599  0.38778573  1.51849742],[0. 0. 0.],[ 0.67842833 -0.53672473 -1.32404376],[ 0.01123368 -0.00528729 -0.87980345],[0. 0. 0.],[-0.02396133 -0.01382034  1.04630962],[-0.80002342 -0.05320049  0.12569083],[0. 0. 0.],[ 2.9617542  -0.50699096  1.87736017],[-0.74801896 -0.09522185  0.24161511]
[ 1.97305814 -0.40128019  0.5967336 ],[-2.43686232  0.30286494  0.78674314],[0. 0. 0.],[ 2.43880978 -0.82580938  1.7479956 ],[-2.77588775  0.44533332  1.77191093],[0. 0. 0.],[ 0.62349688 -0.53203959 -1.40378754],[-0.04387297  0.01951612 -0.83700103],[0. 0. 0.],[0.77895721 0.17998216 0.43280676],[-1.06192331 -0.381093    0.63475251],[0. 0. 0.],[ 2.95846219 -0.45320824  1.89344545],[-0.79920361 -0.09838085  0.23209177]
[ 1.96964393 -0.41617168  0.61597378],[-2.47793817  0.28556231  0.79051927],[0. 0. 0.],[ 2.52382318 -0.82213305  1.87777164],[-2.80749023  0.40735937  1.77226834],[0. 0. 0.],[ 0.58264658 -0.51900652 -1.44937459],[-0.0983066   0.04464386 -0.85208272],[0. 0. 0.],[0.70157537 0.16521828 0.44504863],[-1.03007809 -0.33168871  0.57507149],[0. 0. 0.],[ 2.94952333 -0.43464844  1.90816449],[-0.82348552 -0.09616808  0.21949738]
[ 2.01911961 -0.40528615  0.63175473],[-2.49895199  0.25645387  0.73912252],[0. 0. 0.],[ 2.63249762 -0.80742601  2.0474312 ],[-2.84277131  0.4021089   1.86926337],[0. 0. 0.],[ 0.68250421 -0.5617565  -1.36446037],[-0.05280071  0.02348192 -0.83678264],[0. 0. 0.],[0.68761046 0.14265699 0.39395794],[-1.05475571 -0.37549149  0.63064711],[0. 0. 0.],[ 2.93397567 -0.46026987  1.90915227],[-0.80929975 -0.08347704  0.19440862]
[ 2.00283156 -0.40891102  0.62654713],[-2.49637636  0.24872173  0.71569714],[0. 0. 0.],[ 2.63185808 -0.83637992  2.08109153],[-2.84895196  0.4268654   1.94727307],[0. 0. 0.],[ 0.62263159 -0.53973704 -1.42013719],[-0.05372805  0.02362949 -0.82853217],[0. 0. 0.],[0.37423585 0.16154579 0.80805505],[-1.07001929 -0.18890811  0.31701221],[0. 0. 0.],[ 2.93030645 -0.4414422   1.91582796],[-0.83151033 -0.08528432  0.19269222]
[ 2.02395123 -0.41400322  0.64802817],[-2.48229723  0.26409703  0.7406162 ],[0. 0. 0.],[ 2.7112237  -0.83230943  2.22306161],[-2.90182941  0.44405649  2.16126968],[0. 0. 0.],[ 0.6220317  -0.53251414 -1.40718758],[-0.03559193  0.01566939 -0.82937171],[0. 0. 0.],[0.0701476  0.04503528 1.14125269],[-0.84965984  0.03004921 -0.06640554],[0. 0. 0.],[ 2.9304725  -0.43782098  1.92429366],[-0.83708531 -0.08258797  0.18523778]
[ 2.03093015 -0.41367452  0.65223992],[-2.49570252  0.24891326  0.71547263],[0. 0. 0.],[ 2.71415697 -0.83340665  2.22982793],[-2.90408463  0.44111996  2.16349773],[0. 0. 0.],[ 0.6345887  -0.53239967 -1.38592524],[-0.0555708   0.02657904 -0.89210643],[0. 0. 0.],[0.19454327 0.11277722 1.04890073],[-0.93423282 -0.01953408  0.03872808],[0. 0. 0.],[ 2.93089643 -0.43935531  1.92504577],[-0.83681866 -0.08173948  0.18340874]
[ 2.04294715 -0.42458295  0.67706793],[-2.50598603  0.25909757  0.75417466],[0. 0. 0.],[ 2.70347686 -0.81184691  2.18571415],[-2.92371001  0.44945983  2.24903873],[0. 0. 0.],[ 0.639147   -0.53719501 -1.38763949],[-0.02993602  0.013613   -0.85352685],[0. 0. 0.],[0.15189281 0.09588558 1.12514701],[-1.00109757 -0.02761048  0.05046728],[0. 0. 0.],[ 2.93076385 -0.45904526  1.92605551],[-0.8239719  -0.07768828  0.17740143]
[ 2.07923502 -0.41742986  0.69201145],[-2.54661336  0.23165062  0.72539714],[0. 0. 0.],[ 2.73907313 -0.79692413  2.2390341 ],[-2.94017682  0.4394093   2.2917136 ],[0. 0. 0.],[ 0.66936591 -0.55155192 -1.36611111],[-0.02033474  0.00983383 -0.90085883],[0. 0. 0.],[0.03293375 0.02127431 1.14703   ],[-0.86391489  0.02506714 -0.05436594],[0. 0. 0.],[ 2.932276   -0.48094133  1.92775011],[-0.81339419 -0.07424839  0.1720397 ]
[ 2.09650218 -0.41065048  0.6939362 ],[-2.55843796  0.22367843  0.71613053],[0. 0. 0.],[ 2.75343127 -0.7921163   2.26278385],[-2.94333311  0.43599328  2.29758841],[0. 0. 0.],[ 0.64424774 -0.54871395 -1.40119938],[-0.02936528  0.0137123  -0.87368647],[0. 0. 0.],[0.11067072 0.06673978 1.08474081],[-0.94603374 -0.00928516  0.01814296],[0. 0. 0.],[ 2.93567186 -0.49804963  1.92565209],[-0.79698178 -0.07227315  0.17131838]
[ 2.09895722 -0.40385861  0.68483593],[-2.56947733  0.21545259  0.70468325],[0. 0. 0.],[ 2.75210104 -0.79387195  2.2619792 ],[-2.93655097  0.4258098   2.25322103],[0. 0. 0.],[ 0.6230353  -0.55030008 -1.4396252 ],[-0.05586261  0.02602537 -0.87180905],[0. 0. 0.],[0.20346169 0.11498322 1.02676038],[-0.88978266  0.01199162 -0.02515077],[0. 0. 0.],[ 2.93920061 -0.49728205  1.9239578 ],[-0.79724928 -0.07350075  0.17415154]
[ 2.1031059  -0.40227767  0.68532851],[-2.57008805  0.21207509  0.69515447],[0. 0. 0.],[ 2.74262367 -0.80087617  2.2504549 ],[-2.90396668  0.39234828  2.05973859],[0. 0. 0.],[ 0.61113596 -0.54729717 -1.45431945],[-0.064956    0.0295423  -0.85347462],[0. 0. 0.],[0.39017999 0.19252656 0.90907638],[-1.04313243 -0.06288531  0.10936059],[0. 0. 0.],[ 2.94226995 -0.49319278  1.92546989],[-0.79936046 -0.07432617  0.17558332]
[ 2.09968807 -0.40604308  0.68888857],[-2.57742189  0.20958651  0.69627287],[0. 0. 0.],[ 2.74116783 -0.80579889  2.25286292],[-2.89868205  0.39217839  2.03963435],[0. 0. 0.],[ 0.58383815 -0.53568462 -1.48017981],[-0.07190556  0.03184792 -0.83363335],[0. 0. 0.],[0.4693396  0.21792331 0.8582734 ],[-1.10375971 -0.10711576  0.1737039 ],[0. 0. 0.],[ 2.94269499 -0.48443159  1.93044926],[-0.80722716 -0.07514728  0.17559479]
[ 2.10430628 -0.39882576  0.68062103],[-2.57113871  0.19987889  0.6590088 ],[0. 0. 0.],[ 2.74122414 -0.81397907  2.2617113 ],[-2.89278723  0.39076185  2.01455969],[0. 0. 0.],[ 0.57433975 -0.52943083 -1.48519976],[-0.06689616  0.02902533 -0.81852555],[0. 0. 0.],[0.58994203 0.24735378 0.77672429],[-1.17714584 -0.16427762  0.24542777],[0. 0. 0.],[ 2.94223836 -0.47263073  1.93292099],[-0.81596466 -0.07627663  0.1760996 ]
[ 2.09668171 -0.39850089  0.67455735],[-2.57127363  0.19525904  0.64488002],[0. 0. 0.],[ 2.72672265 -0.81827604  2.23783222],[-2.88073109  0.3839275   1.95420277],[0. 0. 0.],[ 0.57135893 -0.52583449 -1.48356243],[-0.07544545  0.03326403 -0.83024202],[0. 0. 0.],[0.69131911 0.25363122 0.68055777],[-1.20071483 -0.21213989  0.30854232],[0. 0. 0.],[ 2.94140917 -0.45871057  1.93416615],[-0.82749451 -0.07844179  0.17826289]
[ 2.11843809 -0.38989017  0.67636859],[-2.57027835  0.18646688  0.61646376],[0. 0. 0.],[ 2.7616855  -0.82925041  2.31787847],[-2.89115636  0.39969793  2.02950568],[0. 0. 0.],[ 0.539185   -0.51312145 -1.51891177],[-0.07126185  0.02796704 -0.74772612],[0. 0. 0.],[0.69301803 0.25517803 0.68275311],[-1.19668004 -0.21552863  0.31476694],[0. 0. 0.],[ 2.93999102 -0.45949636  1.93804469],[-0.8274445  -0.07666485  0.17425314]
[ 2.12475467 -0.3858496   0.67432406],[-2.57019689  0.18304039  0.60567573],[0. 0. 0.],[ 2.77243424 -0.82722223  2.33723945],[-2.8895684   0.39489667  2.0125827 ],[0. 0. 0.],[ 0.54023623 -0.51220584 -1.51500512],[-0.07003006  0.02767649 -0.75250259],[0. 0. 0.],[0.33114796 0.18109893 0.99546418],[-1.06219274 -0.07806446  0.13277255],[0. 0. 0.],[ 2.93958352 -0.46164565  1.93739481],[-0.82787697 -0.07679112  0.17443699]
[ 2.14368889 -0.37901037  0.67686864],[-2.57867147  0.17910968  0.60223825],[0. 0. 0.],[ 2.82756537 -0.82595237  2.44816274],[-2.90438493  0.40081494  2.08054261],[0. 0. 0.],[ 0.57675061 -0.52505583 -1.47213095],[-0.05171354  0.02102282 -0.77210653],[0. 0. 0.],[0.17627004 0.10819358 1.09955957],[-0.96681458 -0.01210313  0.02305506],[0. 0. 0.],[ 2.93973275 -0.4765954   1.93469876],[-0.81455273 -0.07420869  0.17167564]
[ 2.1925288  -0.35985241  0.68064217],[-2.59660901  0.17174181  0.59765314],[0. 0. 0.],[ 2.87206264 -0.80279052  2.52318546],[-2.94379063  0.41439523  2.25956985],[0. 0. 0.],[ 0.67411897 -0.55334158 -1.36197418],[-0.01049865  0.00458151 -0.82295219],[0. 0. 0.],[-0.10637982 -0.07362217  1.21030628],[-0.73879306  0.06051673 -0.15603605],[0. 0. 0.],[ 2.94054449 -0.52755187  1.92204672],[-0.77213031 -0.06850796  0.16821493]
[ 2.19215579 -0.35870526  0.67830365],[-2.59948594  0.17390504  0.60793873],[0. 0. 0.],[ 2.87306725 -0.80002935  2.52314824],[-2.96396525  0.42313705  2.35554268],[0. 0. 0.],[ 0.67545022 -0.55411527 -1.36132892],[-0.00766995  0.0033505  -0.8237003 ],[0. 0. 0.],[-0.1019138  -0.0718298   1.22748237],[-0.74951843  0.06618323 -0.16792169],[0. 0. 0.],[ 2.94249489 -0.52865687  1.92112269],[-0.77098096 -0.06885012  0.16932932]
[ 2.19018175 -0.36217353  0.68296529],[-2.59906052  0.17824662  0.62176049],[0. 0. 0.],[ 2.87308118 -0.80053709  2.52358879],[-2.96962028  0.42459333  2.38073284],[0. 0. 0.],[ 0.66127309 -0.55072679 -1.37741758],[-0.01622963  0.00711797 -0.82661835],[0. 0. 0.],[-0.10061858 -0.07107311  1.22956683],[-0.74145059  0.06817274 -0.17500741],[0. 0. 0.],[ 2.94409427 -0.52574156  1.92398458],[-0.77374161 -0.06924735  0.16963316]
[ 2.17708028 -0.37107335  0.68854583],[-2.59501616  0.18196305  0.62933757],[0. 0. 0.],[ 2.86685439 -0.80672655  2.51507217],[-2.96055132  0.42139839  2.33886162],[0. 0. 0.],[ 0.63852296 -0.54582258 -1.40515499],[-0.03355828  0.0150078  -0.84101678],[0. 0. 0.],[0.03389665 0.0230605  1.19474021],[-0.85676988  0.05054862 -0.11060086],[0. 0. 0.],[ 2.94412708 -0.51194515  1.93057168],[-0.78890951 -0.07101308  0.17025229]
[ 2.11422153 -0.40506813  0.69811566],[-2.5794487   0.19679483  0.6589089 ],[0. 0. 0.],[ 2.82289551 -0.83543345  2.44677435],[-2.91523991  0.40249627  2.12497525],[0. 0. 0.],[ 0.52456933 -0.49887839 -1.51834516],[-0.06860077  0.03298356 -0.89611171],[0. 0. 0.],[0.42246099 0.22785694 0.98036287],[-1.14468249 -0.08593256  0.13326292],[0. 0. 0.],[ 2.94448034 -0.45264919  1.95278432],[-0.83567977 -0.07617846  0.17124258]
[ 2.09453313 -0.43727092  0.73484465],[-2.57459829  0.22991487  0.75466504],[0. 0. 0.],[ 2.7870774  -0.870498    2.40613743],[-2.87176362  0.41232756  1.99017925],[0. 0. 0.],[ 0.50482539 -0.48282688 -1.52439506],[-0.05336013  0.02612386 -0.91040555],[0. 0. 0.],[0.40228992 0.20368407 0.92921237],[-1.12211633 -0.11947991  0.18978091],[0. 0. 0.],[ 2.946482   -0.44950624  1.95774271],[-0.83398074 -0.07736706  0.17430081]
[ 2.07932487 -0.43917032  0.7261638 ],[-2.55302264  0.23798321  0.75145053],[0. 0. 0.],[ 2.60287876 -0.85328935  2.05002752],[-2.81490993  0.40839212  1.79716258],[0. 0. 0.],[ 0.64858011 -0.54778397 -1.39235792],[-0.01988113  0.01027859 -0.95429374],[0. 0. 0.],[-0.03654876 -0.02725588  1.2814913 ],[-0.78984477  0.09179023 -0.21948449],[0. 0. 0.],[ 2.94581084 -0.49391552  1.94354859],[-0.79726961 -0.07611085  0.18030372]
[ 2.06656923 -0.42501961  0.69464033],[-2.56493847  0.22934083  0.74081254],[0. 0. 0.],[ 2.44389066 -0.79188391  1.70947067],[-2.77262301  0.39391741  1.63778645],[0. 0. 0.],[ 0.71771673 -0.54266135 -1.27626555],[ 0.12364653 -0.05724739 -0.86644745],[0. 0. 0.],[-0.23808448 -0.16915914  1.23325807],[-0.6298907   0.07687039 -0.2349805 ],[0. 0. 0.],[ 2.95255294 -0.5435152   1.91552642],[-0.73748645 -0.07721957  0.19927161]
[ 2.02844808 -0.42342566  0.66523135],[-2.52687057  0.2490943   0.75136422],[0. 0. 0.],[ 2.29601394 -0.69400288  1.354071  ],[-2.72865919  0.36793006  1.45269665],[0. 0. 0.],[ 0.81102361 -0.57401552 -1.20460455],[ 0.1157471  -0.0499419  -0.81402182],[0. 0. 0.],[-0.20983708 -0.12434909  1.0678242 ],[-0.66933869  0.00996501 -0.02865391],[0. 0. 0.],[ 2.9594889  -0.57341576  1.90069581],[-0.70348822 -0.08111534  0.22024557]
[ 1.97102527 -0.42384236  0.62780629],[-2.46264173  0.27017903  0.73479962],[0. 0. 0.],[ 2.19558146 -0.67304738  1.1992582 ],[-2.66134352  0.40591127  1.39787524],[0. 0. 0.],[ 0.79688958 -0.55332339 -1.18682883],[ 0.2231812  -0.08613291 -0.73426359],[0. 0. 0.],[-0.27913027 -0.16580302  1.06828122],[-0.59980659  0.00993962 -0.0321406 ],[0. 0. 0.],[ 2.95809578 -0.57779343  1.88534635],[-0.6923951  -0.08797767  0.24284789]
[ 1.93722759 -0.42842519  0.61306421],[-2.42143486  0.29499621  0.75174498],[0. 0. 0.],[ 2.12069256 -0.68539202  1.13458043],[-2.60106018  0.4491467   1.37901779],[0. 0. 0.],[ 0.86976266 -0.58827207 -1.155684  ],[ 0.15180064 -0.05465426 -0.69011514],[0. 0. 0.],[-0.31007922 -0.17336093  1.01486435],[-0.58012587 -0.00845884  0.02833786],[0. 0. 0.],[ 2.95935642 -0.57873414  1.88227065],[-0.67992016 -0.09044188  0.25449988]
[ 1.88527748 -0.43375784  0.58911133],[-2.34851732  0.32171047  0.73938475],[0. 0. 0.],[ 2.041282   -0.72028482  1.10127081],[-2.52021791  0.53175531  1.40682487],[0. 0. 0.],[ 0.85424531 -0.57813821 -1.15755044],[ 0.18441065 -0.06887952 -0.71332954],[0. 0. 0.],[-0.21977368 -0.15635389  1.23482846],[-0.69921288  0.06697557 -0.18325891],[0. 0. 0.],[ 2.95869521 -0.56661331  1.86688843],[-0.68182164 -0.09984312  0.27983051]
[ 1.83146095 -0.44967065  0.57869158],[-2.27470822  0.35718899  0.74381811],[0. 0. 0.],[ 1.96978489 -0.75207263  1.07337746],[-2.46577413  0.55505566  1.36249979],[0. 0. 0.],[ 0.82052701 -0.55723807 -1.16352797],[ 0.16065756 -0.06196846 -0.73503663],[0. 0. 0.],[-0.49710056 -0.29552398  1.06083366],[-0.42001244  0.02352436 -0.11025908],[0. 0. 0.],[ 2.95911844 -0.5246061   1.87133841],[-0.69149598 -0.10624344  0.29310377]
[ 1.75521258 -0.47672509  0.56911997],[-2.23413962  0.37289502  0.73819309],[0. 0. 0.],[ 1.86893538 -0.76144441  0.99292599],[-2.41347774  0.49710093  1.17517017],[0. 0. 0.],[ 0.78874277 -0.5401907  -1.17404552],[ 0.19386573 -0.07227227 -0.71190519],[0. 0. 0.],[-0.20159158 -0.10795414  0.98128438],[-0.65764985 -0.02511227  0.07356784],[0. 0. 0.],[ 2.95400632 -0.48855425  1.87461131],[-0.69949902 -0.11257819  0.30655228]
[ 1.64264023 -0.49084675  0.52583197],[-2.22089543  0.34848424  0.68220384],[0. 0. 0.],[ 1.7594567  -0.75908505  0.89868899],[-2.36854939  0.46808603  1.0598062 ],[0. 0. 0.],[ 0.81658286 -0.52991103 -1.12038347],[ 0.17828146 -0.07209011 -0.76697867],[0. 0. 0.],[0.07350809 0.03118121 0.80209885],[-0.90751925 -0.14482809  0.29531621],[0. 0. 0.],[ 2.95421234 -0.44813779  1.87170944],[-0.71381512 -0.12317988  0.32780162]
[ 1.5906453  -0.48382133  0.49313646],[-2.14848621  0.34043408  0.6143557 ],[0. 0. 0.],[ 1.67917144 -0.7469442   0.82366366],[-2.31351266  0.47806196  1.01264864],[0. 0. 0.],[ 0.7791491  -0.51109604 -1.13344506],[ 0.23986621 -0.08061621 -0.64588192],[0. 0. 0.],[0.06540083 0.03001842 0.86039854],[-0.88375372 -0.11698507  0.24631576],[0. 0. 0.],[ 2.95871198 -0.43511344  1.86987857],[-0.70997782 -0.12955516  0.3464764 ]
[ 1.47888414 -0.48800543  0.44656994],[-2.04804828  0.34888018  0.56365438],[0. 0. 0.],[ 1.54472718 -0.75583147  0.73811828],[-2.26794563  0.49220031  0.9871557 ],[0. 0. 0.],[ 0.76748892 -0.50040477 -1.12858072],[ 0.22570918 -0.07860257 -0.66790316],[0. 0. 0.],[-0.24216343 -0.14623916  1.08378556],[-0.61031033 -0.00852343  0.02705757],[0. 0. 0.],[ 2.96510081 -0.36538991  1.88304986],[-0.74096688 -0.14379983  0.36669229]
[ 1.40694342 -0.47883835  0.40834274],[-1.97585239  0.33224202  0.49807654],[0. 0. 0.],[ 1.46920665 -0.72637174  0.66133722],[-2.20643932  0.51604481  0.9632313 ],[0. 0. 0.],[ 0.7766164  -0.50729294 -1.12965039],[ 0.17285414 -0.06257922 -0.69332492],[0. 0. 0.],[-0.32974233 -0.19445885  1.06045856],[-0.50245893 -0.00548127  0.02135608],[0. 0. 0.],[ 2.97028899 -0.33110824  1.8928138 ],[-0.75165657 -0.15273     0.38306648]
[ 1.2442934  -0.48243125  0.34925409],[-1.8150926   0.34114635  0.43396797],[0. 0. 0.],[ 1.4231093  -0.71462555  0.62286056],[-2.17879216  0.50356213  0.91514205],[0. 0. 0.],[ 0.78639368 -0.50948437 -1.12118593],[ 0.15923208 -0.06054427 -0.72548792],[0. 0. 0.],[0.04883376 0.02039232 0.79103264],[-0.81367323 -0.13071338  0.30149493],[0. 0. 0.],[ 2.97280463 -0.30395604  1.8900842 ],[-0.7602477  -0.16359394  0.40473747]
[ 1.17362474 -0.47924655  0.32210314],[-1.71375563  0.34875589  0.40121113],[0. 0. 0.],[ 1.44442309 -0.66609847  0.5916453 ],[-2.10563169  0.51792163  0.87026534],[0. 0. 0.],[ 0.81434285 -0.51965553 -1.10478497],[ 0.15098198 -0.05863228 -0.73973843],[0. 0. 0.],[0.05666589 0.02342552 0.78384753],[-0.81444329 -0.13531707  0.31165143],[0. 0. 0.],[ 2.980736   -0.29768295  1.89273957],[-0.75161373 -0.16683531  0.41764521]
[ 1.05485845 -0.45611512  0.26874735],[-1.53437235  0.3294477   0.31786229],[0. 0. 0.],[ 1.48493857 -0.6193178   0.57114314],[-2.10505668  0.51090334  0.85890439],[0. 0. 0.],[ 0.8531483  -0.52553526 -1.06881903],[ 0.12736032 -0.05153182 -0.76816926],[0. 0. 0.],[0.12609577 0.05010917 0.75574194],[-0.90300051 -0.1500846   0.30764498],[0. 0. 0.],[ 2.99141889 -0.28861482  1.88152306],[-0.7520621  -0.17688123  0.44184728]
[ 1.01256421 -0.41587723  0.23292208],[-1.4809919   0.28754695  0.26311519],[0. 0. 0.],[ 1.52726993 -0.56115654  0.53840982],[-2.115473    0.44499114  0.76372924],[0. 0. 0.],[ 0.87282826 -0.53141688 -1.05638055],[ 0.14169733 -0.05880528 -0.78576953],[0. 0. 0.],[-0.00456826 -0.00155424  0.65588208],[-0.81579609 -0.17301825  0.39612015],[0. 0. 0.],[ 3.00258828 -0.29455438  1.88423874],[-0.73538855 -0.17732738  0.45360493]
[ 0.96282181 -0.37670767  0.19850053],[-1.44531886  0.27217477  0.24032857],[0. 0. 0.],[ 1.50518563 -0.52467003  0.4927028 ],[-2.05633909  0.41868771  0.67749666],[0. 0. 0.],[ 0.86640732 -0.53530636 -1.07041129],[ 0.13611903 -0.05659066 -0.78710305],[0. 0. 0.],[0.2159236  0.06027963 0.54262163],[-0.95344192 -0.26806903  0.51078844],[0. 0. 0.],[ 3.01667938 -0.29833038  1.88829408],[-0.71586285 -0.17870567  0.47018521]
[ 0.59074867 -0.27752782  0.08493993],[-0.97862239  0.23691183  0.12658054],[0. 0. 0.],[ 1.29801916 -0.53982181  0.41376945],[-1.73510987  0.50447652  0.59020765],[0. 0. 0.],[ 0.82619846 -0.53821722 -1.12325127],[ 0.14305903 -0.06422006 -0.84286901],[0. 0. 0.],[0.32185045 0.07356221 0.44583731],[-0.99639572 -0.35872411  0.64346448],[0. 0. 0.],[ 3.0358825  -0.30034215  1.89604617],[-0.68844779 -0.17804368  0.48803321]
[ 0.56762331 -0.22119173  0.06476017],[-0.98579531  0.22847733  0.12309978],[0. 0. 0.],[ 0.84741547 -0.5184171   0.2380707 ],[-1.42801659  0.52774686  0.45993918],[0. 0. 0.],[ 0.7763655  -0.52251899 -1.15812071],[ 0.16006616 -0.07204585 -0.84459892],[0. 0. 0.],[0.54244391 0.01463727 0.0526268 ],[-1.04354037 -0.50347016  0.84130426],[0. 0. 0.],[ 3.05686958 -0.29161186  1.88444983],[-0.67100304 -0.18432813  0.51822426]
[ 0.53039098 -0.16413079  0.04466959],[-0.96160373  0.20289499  0.10610114],[0. 0. 0.],[ 0.63627136 -0.44347432  0.14821535],[-1.19423832  0.5264583   0.36243038],[0. 0. 0.],[ 0.92074446 -0.56961124 -1.06659526],[-0.09992529  0.03721479 -0.71255552],[0. 0. 0.],[0.41846742 0.00217724 0.01025342],[-0.93278485 -0.5040219   0.94554024],[0. 0. 0.],[ 3.07657346 -0.28598743  1.85633496],[-0.65784063 -0.1925215   0.55139192]
[ 0.40507497 -0.12873212  0.02647057],[-0.90268673  0.20324339  0.09877485],[0. 0. 0.],[ 0.46030249 -0.39692163  0.09417077],[-1.02661218  0.52082355  0.29818449],[0. 0. 0.],[ 0.89272497 -0.56834334 -1.09592055],[-0.07007395  0.02527996 -0.69223121],[0. 0. 0.],[ 0.66624732 -0.11333163 -0.32499036],[-0.56624315 -0.10631795  0.36177915],[0. 0. 0.],[ 3.08539934 -0.28288526  1.85707287],[-0.65233844 -0.19416022  0.56066034]
[ 0.35957611 -0.11493262  0.02091133],[-0.88764099  0.20751896  0.098941  ],[0. 0. 0.],[ 0.37423365 -0.26791816  0.05101994],[-0.92746397  0.36769698  0.18545412],[0. 0. 0.],[ 0.80283379 -0.53346041 -1.14391169],[ 0.06127226 -0.0191183  -0.60473832],[0. 0. 0.],[ 0.67159413 -0.11326472 -0.32206122],[-0.58035285 -0.10286178  0.3414228 ],[0. 0. 0.],[ 3.09131779 -0.28882436  1.8566648 ],[-0.63778759 -0.19269499  0.56953846]
[ 0.04314164 -0.0217161   0.00046853],[-0.33277573  0.081052    0.01361916],[0. 0. 0.],[ 0.34897546 -0.24883611  0.04408553],[-0.83505101  0.35693112  0.15969987],[0. 0. 0.],[ 0.75737185 -0.54538016 -1.22527087],[ 0.06138057 -0.0253264  -0.78247992],[0. 0. 0.],[ 0.63791374 -0.07909163 -0.23849121],[-1.04718691 -0.49988311  0.83263482],[0. 0. 0.],[ 3.09509498 -0.26379302  1.86537771],[-0.66856316 -0.21231521  0.59537608]
