0_x,0_y,0_z,0_v,1_x,1_y,1_z,1_v,2_x,2_y,2_z,2_v,3_x,3_y,3_z,3_v,4_x,4_y,4_z,4_v,5_x,5_y,5_z,5_v,6_x,6_y,6_z,6_v,7_x,7_y,7_z,7_v,8_x,8_y,8_z,8_v,9_x,9_y,9_z,9_v,10_x,10_y,10_z,10_v,11_x,11_y,11_z,11_v,12_x,12_y,12_z,12_v,13_x,13_y,13_z,13_v,14_x,14_y,14_z,14_v,15_x,15_y,15_z,15_v,16_x,16_y,16_z,16_v,17_x,17_y,17_z,17_v,18_x,18_y,18_z,18_v,19_x,19_y,19_z,19_v,20_x,20_y,20_z,20_v,21_x,21_y,21_z,21_v,22_x,22_y,22_z,22_v,23_x,23_y,23_z,23_v,24_x,24_y,24_z,24_v,25_x,25_y,25_z,25_v,26_x,26_y,26_z,26_v,27_x,27_y,27_z,27_v,28_x,28_y,28_z,28_v,29_x,29_y,29_z,29_v,30_x,30_y,30_z,30_v,31_x,31_y,31_z,31_v,32_x,32_y,32_z,32_v,r_knee_angle,l_knee_angle,r_knee_angle_x,r_knee_angle_y,r_knee_angle_z,l_knee_angle_x,l_knee_angle_y,l_knee_angle_z,r_hip_angle_x,r_hip_angle_y,r_hip_angle_z,l_hip_angle_x,l_hip_angle_y,l_hip_angle_z,r_ankle_angle_x,r_ankle_angle_y,r_ankle_angle_z,l_ankle_angle_x,l_ankle_angle_y,l_ankle_angle_z,frame
0.40533027052879333,0.34965047240257263,-0.2423820048570633,0.9998219609260559,0.4083242416381836,0.3391871154308319,-0.2322971373796463,0.9994362592697144,0.4110890030860901,0.3386686146259308,-0.2322719544172287,0.9993196725845337,0.4135161340236664,0.33806341886520386,-0.23230786621570587,0.9992363452911377,0.4008229374885559,0.33857735991477966,-0.23160162568092346,0.9995452165603638,0.3980467915534973,0.3377700746059418,-0.23165921866893768,0.9995394945144653,0.39489972591400146,0.33684226870536804,-0.23168694972991943,0.9995827674865723,0.4179873466491699,0.33710145950317383,-0.1576707661151886,0.9989497065544128,0.39079174399375916,0.3355294466018677,-0.15867473185062408,0.9996041059494019,0.4099583029747009,0.3568398356437683,-0.2126127928495407,0.9997856020927429,0.4009130597114563,0.35792988538742065,-0.21191711723804474,0.9998295307159424,0.4384046196937561,0.37744322419166565,-0.1121578961610794,0.9998403191566467,0.3686947524547577,0.38372644782066345,-0.11577630043029785,0.999796450138092,0.46877583861351013,0.42756450176239014,-0.21863815188407898,0.9955456256866455,0.3537164330482483,0.44180622696876526,-0.2226383239030838,0.9446474313735962,0.4338168203830719,0.4234256148338318,-0.32819560170173645,0.9825855493545532,0.38321954011917114,0.4227587878704071,-0.3387516140937805,0.9317692518234253,0.4234234690666199,0.41374269127845764,-0.3508034646511078,0.9416304230690002,0.3929799199104309,0.41382911801338196,-0.36508288979530334,0.8931018710136414,0.42223605513572693,0.41056978702545166,-0.32946816086769104,0.9288010597229004,0.39576753973960876,0.40982916951179504,-0.34437400102615356,0.8773577809333801,0.4240875244140625,0.4167063534259796,-0.32119128108024597,0.8927772045135498,0.3950417935848236,0.414987176656723,-0.33239978551864624,0.8430566787719727,0.43159642815589905,0.49635982513427734,0.004638802260160446,0.999815046787262,0.3931087851524353,0.4987354874610901,-0.004728992469608784,0.99974125623703,0.44883841276168823,0.5805903673171997,-0.0950365886092186,0.9880101680755615,0.39382636547088623,0.5855387449264526,-0.13321317732334137,0.970700740814209,0.44503188133239746,0.6468262076377869,0.10748646408319473,0.9756829142570496,0.3993453085422516,0.6479507088661194,0.08304544538259506,0.9766026735305786,0.43846115469932556,0.6548587679862976,0.1268128901720047,0.8834517002105713,0.4047476649284363,0.6540805101394653,0.10271326452493668,0.8949715495109558,0.46132439374923706,0.6824967265129089,0.06066234037280083,0.9557075500488281,0.38969093561172485,0.6866399049758911,0.03695141524076462,0.971190869808197,50.16418030798355,58.46263026469752,88.59542190370448,73.90689551328018,16.157617293385982,91.02344537519161,71.89248386579004,18.138432430009672,89.7348474541982,55.95765551348518,145.95633288713498,82.47347031238442,50.21644785831197,139.2198817345772,99.11416200919948,50.595961678958076,139.13718671799563,74.52867150376461,54.26544780528805,140.0538289504841,3094
0.40550756454467773,0.35718435049057007,-0.24258756637573242,0.9998267889022827,0.4084506034851074,0.34607642889022827,-0.23210959136486053,0.999455451965332,0.4114343225955963,0.3455933928489685,-0.2320786714553833,0.999338686466217,0.4142366945743561,0.3448358476161957,-0.23211665451526642,0.999258816242218,0.401038259267807,0.34545275568962097,-0.2304367572069168,0.9995647072792053,0.3982170522212982,0.344872385263443,-0.23050177097320557,0.999559223651886,0.39522814750671387,0.3442544937133789,-0.230528324842453,0.9996033310890198,0.4199811816215515,0.34335246682167053,-0.15778692066669464,0.9989709854125977,0.3920579254627228,0.34279128909111023,-0.15122836828231812,0.999623715877533,0.41043537855148315,0.3647598326206207,-0.2131308764219284,0.9997888207435608,0.4013429284095764,0.3654903769493103,-0.21102023124694824,0.9998349547386169,0.44047293066978455,0.38467636704444885,-0.11534497886896133,0.999822199344635,0.37044936418533325,0.38955795764923096,-0.1147603988647461,0.9998084306716919,0.47403964400291443,0.43103930354118347,-0.22657079994678497,0.9955289959907532,0.35233041644096375,0.4458170235157013,-0.2314302623271942,0.9498688578605652,0.4313651919364929,0.41577568650245667,-0.3370898365974426,0.98240065574646,0.38766705989837646,0.4134148359298706,-0.3521966338157654,0.9373655915260315,0.41847914457321167,0.4057229459285736,-0.3601759672164917,0.9402450919151306,0.398432195186615,0.4043269753456116,-0.3791780471801758,0.899027943611145,0.4174206852912903,0.4014640748500824,-0.339485228061676,0.9274041056632996,0.401555597782135,0.3998027443885803,-0.35810166597366333,0.8836153149604797,0.4197646975517273,0.40753835439682007,-0.33024799823760986,0.890206515789032,0.3997275233268738,0.40408754348754883,-0.3456968665122986,0.8491115570068359,0.4326930046081543,0.49891236424446106,0.004442968871444464,0.9998048543930054,0.3936360776424408,0.5017008781433105,-0.0045543876476585865,0.9997493624687195,0.45107322931289673,0.5819792151451111,-0.11501721292734146,0.9873298406600952,0.3914283215999603,0.5886976718902588,-0.1406812220811844,0.9726442694664001,0.4453200697898865,0.6470423340797424,0.07854253798723221,0.9739760160446167,0.3971427381038666,0.6491836905479431,0.06350979954004288,0.9769779443740845,0.43858370184898376,0.6553630828857422,0.09547092020511627,0.8776779770851135,0.40383753180503845,0.6557261347770691,0.08122318238019943,0.8916999697685242,0.461346298456192,0.6836335062980652,0.030842775478959084,0.9532280564308167,0.3862982988357544,0.6877791881561279,0.014374484308063984,0.9705332517623901,49.077286106255144,53.492783010670706,88.4629444789739,73.50562115747843,16.56993917444263,91.61381412254684,71.4280979156067,18.647032041965392,90.78295193777753,57.421330418155435,147.4095421679558,82.80036999005746,55.50063947275325,144.5426412893579,99.84636248763746,52.5105432346702,140.7885928939052,75.07325801006617,53.97651961175435,140.05499994869658,3095
0.405749648809433,0.3602598011493683,-0.2705908715724945,0.9998377561569214,0.40923207998275757,0.3489724099636078,-0.2600245773792267,0.9994921088218689,0.4122535288333893,0.3485642969608307,-0.2599838376045227,0.999381422996521,0.4152306616306305,0.3478001654148102,-0.2600235044956207,0.9993066787719727,0.4016938805580139,0.34820955991744995,-0.25838929414749146,0.9995958209037781,0.3987683653831482,0.3475983738899231,-0.2584647536277771,0.999591052532196,0.39593321084976196,0.3469489812850952,-0.2584913372993469,0.9996330142021179,0.4213600754737854,0.3461208939552307,-0.18231318891048431,0.999036431312561,0.39296385645866394,0.3455389738082886,-0.17500391602516174,0.999652624130249,0.4110690653324127,0.3681228756904602,-0.2396925985813141,0.9998008012771606,0.40187230706214905,0.3686625361442566,-0.23767897486686707,0.9998458623886108,0.441796213388443,0.3872816264629364,-0.13560084998607635,0.9998149871826172,0.37102383375167847,0.392345130443573,-0.13518372178077698,0.999821662902832,0.4757302701473236,0.43278104066848755,-0.25139135122299194,0.9956404566764832,0.35135966539382935,0.44751033186912537,-0.2576323449611664,0.9546409845352173,0.4309729039669037,0.4144952893257141,-0.36742138862609863,0.9826188683509827,0.38913315534591675,0.4114493429660797,-0.38400179147720337,0.942611575126648,0.4182078242301941,0.4043464958667755,-0.39173561334609985,0.9401340484619141,0.39981919527053833,0.4029178023338318,-0.41210395097732544,0.9050307273864746,0.41713476181030273,0.3996635973453522,-0.3708338141441345,0.9273692965507507,0.4031035900115967,0.3980175852775574,-0.39074429869651794,0.8899771571159363,0.41920724511146545,0.40570881962776184,-0.3605530261993408,0.8892394304275513,0.40107083320617676,0.4020281136035919,-0.37747952342033386,0.8552840948104858,0.4333321154117584,0.49990013241767883,0.004227922298014164,0.9997990131378174,0.3939792215824127,0.5029529929161072,-0.004354721866548061,0.9997597336769104,0.4521005153656006,0.5828729271888733,-0.12574321031570435,0.9867317080497742,0.39012908935546875,0.589812159538269,-0.14984750747680664,0.9744316339492798,0.44568920135498047,0.647551953792572,0.06939229369163513,0.9724547863006592,0.39631184935569763,0.6495941281318665,0.05374029278755188,0.9776853919029236,0.4387300908565521,0.6563109159469604,0.0858503058552742,0.874615490436554,0.4036051332950592,0.6572926640510559,0.07096565514802933,0.8912627696990967,0.46136274933815,0.6843921542167664,0.018377620726823807,0.9513123035430908,0.3850098252296448,0.6881858110427856,-4.434624133864418e-05,0.9706124663352966,47.18618496068533,50.97759436324256,88.33094611993577,73.64267323228871,16.447044560790218,91.78631403625785,71.67109029149493,18.421957656287788,91.30162775466604,59.17163202128492,149.1380507126331,83.06030300191256,57.71365437975078,146.79435489829797,99.68880052143128,54.923977651312946,143.21601620698567,76.01345691169442,55.38254872052134,141.87557700837917,3096
0.4069075584411621,0.3614882230758667,-0.2998466491699219,0.999758780002594,0.4107069969177246,0.34987205266952515,-0.2894442677497864,0.9993555545806885,0.4136982560157776,0.3492331802845001,-0.28943347930908203,0.9992238283157349,0.4165540635585785,0.34832563996315,-0.28951239585876465,0.9991041421890259,0.4030511975288391,0.3496640622615814,-0.2883605659008026,0.999477207660675,0.4001855254173279,0.34908974170684814,-0.2884526550769806,0.999484121799469,0.39740779995918274,0.3484733998775482,-0.288500040769577,0.9995333552360535,0.4220641255378723,0.346250981092453,-0.20869958400726318,0.998894989490509,0.39440733194351196,0.34700533747673035,-0.20357191562652588,0.9995953440666199,0.4122951030731201,0.3688693940639496,-0.267273873090744,0.9997626543045044,0.4033418297767639,0.36977121233940125,-0.2659355700016022,0.999813437461853,0.4426235556602478,0.3869050145149231,-0.15681327879428864,0.9998036026954651,0.3718750476837158,0.392973929643631,-0.16080960631370544,0.9998223781585693,0.47561049461364746,0.43567386269569397,-0.26864922046661377,0.9957338571548462,0.3506559729576111,0.44944825768470764,-0.28815674781799316,0.9589433670043945,0.4282227158546448,0.41279152035713196,-0.38529330492019653,0.9822748303413391,0.3909496068954468,0.4087086617946625,-0.41199302673339844,0.9465377330780029,0.4158732295036316,0.400637149810791,-0.4109344482421875,0.9379582405090332,0.4015071392059326,0.3986172378063202,-0.4386703073978424,0.9072693586349487,0.41555866599082947,0.39601364731788635,-0.3883832097053528,0.9247810244560242,0.4039526581764221,0.3936914801597595,-0.4163205027580261,0.891622006893158,0.41772347688674927,0.4022507965564728,-0.37778061628341675,0.8844265937805176,0.40210938453674316,0.39832061529159546,-0.4048653244972229,0.8544335961341858,0.4335828423500061,0.5013876557350159,0.004711514338850975,0.9997507929801941,0.3939749598503113,0.5048072934150696,-0.004820153582841158,0.9996755719184875,0.4521048069000244,0.5832390189170837,-0.1682015359401703,0.9742009043693542,0.39034003019332886,0.5924606323242188,-0.1552780121564865,0.9522548317909241,0.4441007077693939,0.647821307182312,0.04016292467713356,0.9231807589530945,0.39633631706237793,0.6497105360031128,0.05768008157610893,0.9158259034156799,0.437579482793808,0.6565738916397095,0.05839298292994499,0.8172305226325989,0.40191689133644104,0.6571609377861023,0.07613573223352432,0.8214424252510071,0.4540866017341614,0.6838073134422302,-0.012183225713670254,0.8956183791160583,0.3892737030982971,0.6845459342002869,0.002038434147834778,0.9052883386611938,45.258855148011016,42.58496271710755,88.44241521504131,74.95852039117739,15.125719188443355,92.10134749911997,72.79118859536541,17.344630851647047,91.19587596853484,59.783161719030176,149.75447694997507,84.4699872495351,64.79482532534183,154.11105285211588,96.14055352582214,58.15625673257061,147.4293769349183,81.06608108610537,55.96944563963392,144.49442899697993,3097
0.5810487866401672,0.25016412138938904,-0.32711735367774963,0.9997824430465698,0.5883258581161499,0.2280254364013672,-0.31293532252311707,0.9994182586669922,0.5929036140441895,0.226626455783844,-0.3129596710205078,0.9992992877960205,0.5973214507102966,0.2253752052783966,-0.3129483461380005,0.9991914629936218,0.5724902749061584,0.2288135141134262,-0.31603068113327026,0.9995277523994446,0.566408634185791,0.22816067934036255,-0.3160439431667328,0.9995337128639221,0.561221182346344,0.22759774327278137,-0.3160604238510132,0.9995781183242798,0.6037954092025757,0.22673320770263672,-0.19836732745170593,0.9990013837814331,0.5529730319976807,0.23105651140213013,-0.2139977514743805,0.9996329545974731,0.589705765247345,0.26784637570381165,-0.2806452512741089,0.9997859597206116,0.5711995363235474,0.26730504631996155,-0.2851582467556,0.9998317956924438,0.6459980010986328,0.3313126564025879,-0.12404905259609222,0.999822199344635,0.5079107880592346,0.34834957122802734,-0.13779914379119873,0.9998354315757751,0.6633870005607605,0.4653032124042511,-0.07174402475357056,0.9953557252883911,0.4959681034088135,0.4809139370918274,-0.09724840521812439,0.961379885673523,0.6753799319267273,0.5913873314857483,-0.1739497184753418,0.9830475449562073,0.5028553605079651,0.595729410648346,-0.1710788905620575,0.9482382535934448,0.6798513531684875,0.6288967132568359,-0.2056165635585785,0.9421914219856262,0.5033335089683533,0.6351342797279358,-0.20004311203956604,0.9102322459220886,0.6716696619987488,0.6251269578933716,-0.23785129189491272,0.9303727746009827,0.5141693949699402,0.6284866333007812,-0.22777660191059113,0.8965098261833191,0.6670847535133362,0.6155270934104919,-0.18753819167613983,0.89388507604599,0.5175957679748535,0.6176837086677551,-0.18268278241157532,0.8628061413764954,0.6168356537818909,0.5919898152351379,-0.0010052642319351435,0.999759316444397,0.5423735976219177,0.5933429598808289,0.0008428170112892985,0.999684751033783,0.6247477531433105,0.7598901987075806,0.020760787650942802,0.9761209487915039,0.5470901131629944,0.7734776735305786,0.03900083899497986,0.9561792612075806,0.6226826310157776,0.9012083411216736,0.2900165915489197,0.929641604423523,0.5548876523971558,0.9178727865219116,0.2679550349712372,0.9232326149940491,0.6138191819190979,0.9142019748687744,0.31033873558044434,0.8221818804740906,0.562332808971405,0.9305213689804077,0.28556281328201294,0.8273809552192688,0.6396216750144958,0.9718099236488342,0.2005499303340912,0.9042297005653381,0.5416534543037415,0.9916623830795288,0.16703762114048004,0.9131081104278564,134.21625849912246,125.01208834989086,88.3499500179538,57.77647985543807,32.276153916082464,90.3891010734517,62.30808625394035,27.695124385621455,88.53269649336879,12.04855918847573,78.04378892322434,87.32435903566224,7.8535892597737496,82.62165580767244,96.0427837048393,54.05861575594489,143.39301247159855,81.54607940071546,52.211306001768584,140.9395112640375,3100
0.5812914967536926,0.2515919804573059,-0.49623435735702515,0.9998034834861755,0.5886110663414001,0.22916817665100098,-0.47718819975852966,0.9994736909866333,0.5931495428085327,0.22807703912258148,-0.4771972596645355,0.999365508556366,0.5973477959632874,0.2269853949546814,-0.4771847724914551,0.9992678761482239,0.5727385878562927,0.22928176820278168,-0.48256683349609375,0.9995729327201843,0.5664417147636414,0.22837339341640472,-0.48260992765426636,0.9995781779289246,0.5611170530319214,0.22760458290576935,-0.4826258718967438,0.9996183514595032,0.6027512550354004,0.22729794681072235,-0.31855300068855286,0.999092698097229,0.5516077876091003,0.2302059382200241,-0.34580573439598083,0.999667227268219,0.5895258188247681,0.2687285542488098,-0.43211713433265686,0.9998065829277039,0.5711839199066162,0.26841017603874207,-0.4400375783443451,0.9998481869697571,0.6425145268440247,0.33014142513275146,-0.18175378441810608,0.999836802482605,0.5060385465621948,0.34320515394210815,-0.22301726043224335,0.9998498558998108,0.6656731963157654,0.46499645709991455,-0.08429712802171707,0.9944408535957336,0.49052318930625916,0.48098838329315186,-0.16346248984336853,0.964252769947052,0.6777637004852295,0.5913611054420471,-0.20561158657073975,0.9813957214355469,0.4977535307407379,0.5972896218299866,-0.2838098108768463,0.9512868523597717,0.6818510890007019,0.6286304593086243,-0.2451724261045456,0.9411982297897339,0.5009446740150452,0.635545551776886,-0.3253251612186432,0.9151191115379333,0.6758334040641785,0.6254663467407227,-0.28716591000556946,0.9308565258979797,0.5120789408683777,0.6291608810424805,-0.36530736088752747,0.9030002355575562,0.6704199910163879,0.6155350804328918,-0.2240866720676422,0.8974797129631042,0.5144978761672974,0.6185935139656067,-0.30039048194885254,0.8718323707580566,0.6170459389686584,0.5919653177261353,0.0027095964178442955,0.9997619390487671,0.5422825217247009,0.593290388584137,-0.002796339802443981,0.9996932744979858,0.6247296333312988,0.7629193663597107,0.024095941334962845,0.9781237244606018,0.5470912456512451,0.7746568918228149,0.045475054532289505,0.9601213932037354,0.6217383146286011,0.9027383923530579,0.34815868735313416,0.9359457492828369,0.5552160143852234,0.9183143377304077,0.3424406945705414,0.9303604364395142,0.6116997003555298,0.9159003496170044,0.3721776306629181,0.8354402184486389,0.5626979470252991,0.9314219951629639,0.36447182297706604,0.8382053375244141,0.6395599842071533,0.9730327725410461,0.234047532081604,0.9127050042152405,0.5414003133773804,0.9919906854629517,0.2113874852657318,0.9207860231399536,130.73595930372082,120.40899418086148,88.58915464565064,64.19297685126071,25.851307691715796,90.48559602156023,66.66278415268562,23.342872554404433,88.53229583402347,14.974446257284036,75.10102047647969,87.446395730344,7.571884663229424,82.87646210446637,95.25040821142935,60.79095104718011,150.23107843526594,82.42564860848597,58.67369208358403,147.56378556632717,3101
0.5813313722610474,0.2537775933742523,-0.5007070302963257,0.9998223781585693,0.5886099338531494,0.230849951505661,-0.4827037453651428,0.9995235204696655,0.5931525230407715,0.2298714518547058,-0.4827098846435547,0.9994251132011414,0.5972954630851746,0.22890277206897736,-0.4826938211917877,0.9993366599082947,0.572778046131134,0.23030784726142883,-0.48742860555648804,0.9996135830879211,0.5664806365966797,0.22918511927127838,-0.48747190833091736,0.9996181726455688,0.5610860586166382,0.228067547082901,-0.4874870181083679,0.9996545314788818,0.6020925641059875,0.22859783470630646,-0.32727861404418945,0.9991748929023743,0.5512710809707642,0.2301749885082245,-0.35164543986320496,0.9996981620788574,0.5893693566322327,0.2705002725124359,-0.4377462863922119,0.9998250603675842,0.5711711645126343,0.270290344953537,-0.44476452469825745,0.9998629093170166,0.6421793699264526,0.32964855432510376,-0.19092106819152832,0.9998490214347839,0.5059536099433899,0.3414664566516876,-0.22893472015857697,0.9998628497123718,0.6669613122940063,0.46453410387039185,-0.09188739955425262,0.9933434724807739,0.48895543813705444,0.48114511370658875,-0.16879136860370636,0.9667864441871643,0.6788284778594971,0.5906166434288025,-0.21555307507514954,0.979081392288208,0.4965015947818756,0.597758948802948,-0.28834983706474304,0.9539632201194763,0.6830838322639465,0.6278161406517029,-0.255423903465271,0.9390934705734253,0.5003548860549927,0.6356322169303894,-0.32952195405960083,0.9194434881210327,0.6778443455696106,0.6254626512527466,-0.2985709011554718,0.9300899505615234,0.5115018486976624,0.6293003559112549,-0.3691384196281433,0.9087416529655457,0.6720690727233887,0.6152191162109375,-0.234715536236763,0.8995607495307922,0.5136488676071167,0.618816077709198,-0.3047712445259094,0.8798295259475708,0.6174335479736328,0.5920807719230652,0.004424917045980692,0.9997619986534119,0.5422548055648804,0.5932947993278503,-0.004481522366404533,0.9996998310089111,0.6247302889823914,0.7648937702178955,0.02764754928648472,0.9799356460571289,0.5471409559249878,0.7754234671592712,0.056460797786712646,0.9637178778648376,0.6209920644760132,0.9036754965782166,0.34303298592567444,0.9416210651397705,0.5553657412528992,0.9187756776809692,0.35431599617004395,0.9367658495903015,0.6109458804130554,0.9171656966209412,0.3655630946159363,0.8476084470748901,0.5628562569618225,0.9316561818122864,0.3759917616844177,0.8481682538986206,0.6393834948539734,0.9730292558670044,0.22762730717658997,0.9203184843063354,0.5414422750473022,0.9919711947441101,0.2238650768995285,0.9276682734489441,134.21678366208366,121.3418335460424,88.57468140443751,64.30787814885427,25.737462992377548,90.62157533769373,66.25014227697608,23.759002128366138,88.54262283229974,18.55613590489088,71.505375346675,87.60373096160933,8.017789894729338,82.35316830221197,95.31788115848036,60.841661116942504,150.26682502560647,82.2218062080581,59.312249769920776,148.12964875332636,3102
0.5813310146331787,0.25466954708099365,-0.5092991590499878,0.9998394250869751,0.5885462760925293,0.2317432314157486,-0.4905770421028137,0.999568521976471,0.5931293368339539,0.23083940148353577,-0.4905860424041748,0.9994789958000183,0.5971847772598267,0.2299555391073227,-0.4905763268470764,0.9993987679481506,0.572780966758728,0.23078273236751556,-0.4954249858856201,0.999650239944458,0.566503643989563,0.22956544160842896,-0.4954710602760315,0.999654233455658,0.5610718727111816,0.2282835841178894,-0.495487779378891,0.999687135219574,0.6015647053718567,0.229380264878273,-0.3313107490539551,0.9992493391036987,0.5509272813796997,0.23010429739952087,-0.35618361830711365,0.9997259378433228,0.589101254940033,0.27127042412757874,-0.444864422082901,0.9998416900634766,0.5710840225219727,0.2710029184818268,-0.45205408334732056,0.9998762011528015,0.6418737173080444,0.3290327489376068,-0.1933699995279312,0.9998601078987122,0.5058755874633789,0.3404070734977722,-0.22993509471416473,0.9998745322227478,0.6679099202156067,0.46356001496315,-0.09919043630361557,0.9924523234367371,0.48860159516334534,0.4812198579311371,-0.169043630361557,0.9691091775894165,0.6791812777519226,0.5895578861236572,-0.2333182543516159,0.9772307872772217,0.496117502450943,0.597953200340271,-0.2930930256843567,0.956482470035553,0.6836658716201782,0.6267090439796448,-0.2758367955684662,0.9374911785125732,0.5002113580703735,0.6356421113014221,-0.3355542719364166,0.9234592914581299,0.6786638498306274,0.6252865195274353,-0.3198642134666443,0.9297053813934326,0.5114213228225708,0.6293245553970337,-0.3755301833152771,0.9140232801437378,0.672752857208252,0.6146351099014282,-0.25316566228866577,0.901614248752594,0.5135065317153931,0.6188940405845642,-0.3096441626548767,0.8871047496795654,0.6177850961685181,0.5920864939689636,0.005170936696231365,0.9997586011886597,0.542259693145752,0.5932947397232056,-0.005213920958340168,0.9997037649154663,0.6247406601905823,0.7657877206802368,0.02719728648662567,0.9815582036972046,0.5474043488502502,0.7757865786552429,0.05401688814163208,0.9669657945632935,0.6203024983406067,0.9042440056800842,0.3455919623374939,0.9467157125473022,0.5554322004318237,0.9192504286766052,0.34986281394958496,0.9425798058509827,0.6103712320327759,0.9178242087364197,0.36853259801864624,0.8585278391838074,0.5629268288612366,0.9320626854896545,0.37123534083366394,0.8572965860366821,0.6392934322357178,0.9730233550071716,0.22665181756019592,0.9272007346153259,0.5414093136787415,0.9920313358306885,0.2155352532863617,0.9339526891708374,133.86755368669353,120.66562603010172,88.60134884479469,64.13825151580953,25.905205882087518,90.73236393879216,66.4998652032468,23.51293119726985,88.46402982240149,18.045034686881902,72.02496740821498,87.72511259784059,7.574652607237623,82.77885069170866,95.24427650772007,61.68029612505967,151.11088318735835,82.13035333786509,60.27210157241854,149.04016108880927,3103
0.5812848806381226,0.25492632389068604,-0.5187416672706604,0.9998548030853271,0.588421106338501,0.2320503294467926,-0.5005925893783569,0.999609112739563,0.5930682420730591,0.23115845024585724,-0.5005927085876465,0.9995275735855103,0.5970555543899536,0.2303110957145691,-0.5005792379379272,0.9994547963142395,0.5727683901786804,0.23097559809684753,-0.5052399039268494,0.9996832609176636,0.5665050745010376,0.2297399342060089,-0.5052891373634338,0.9996867179870605,0.5610437989234924,0.22839948534965515,-0.5053043365478516,0.999716579914093,0.6013204455375671,0.2296479195356369,-0.3426740765571594,0.9993165135383606,0.5507872104644775,0.22999024391174316,-0.36676180362701416,0.9997510313987732,0.5888595581054688,0.271422415971756,-0.4547272324562073,0.9998566508293152,0.570937991142273,0.2712079882621765,-0.4616793692111969,0.9998881220817566,0.6418708562850952,0.32890188694000244,-0.20331725478172302,0.9998701214790344,0.5057771801948547,0.3394593894481659,-0.2386108636856079,0.9998851418495178,0.6684039831161499,0.463532954454422,-0.10675249248743057,0.9916873574256897,0.48815107345581055,0.481486439704895,-0.17528313398361206,0.9712183475494385,0.6795356869697571,0.5889965891838074,-0.23590488731861115,0.9756174683570862,0.49590855836868286,0.5983636975288391,-0.2959502637386322,0.9587908983230591,0.6843022108078003,0.625870943069458,-0.2769470810890198,0.9361292123794556,0.5001272559165955,0.635776937007904,-0.33744844794273376,0.9271119236946106,0.6794155836105347,0.6250488758087158,-0.3207590878009796,0.9294300675392151,0.5113574266433716,0.6294399499893188,-0.37719598412513733,0.9188148975372314,0.6735039353370667,0.6141207218170166,-0.25547608733177185,0.9035956263542175,0.5133500099182129,0.6190677285194397,-0.3123580813407898,0.8937442898750305,0.6179972290992737,0.5920860767364502,0.0055894092656672,0.9997556805610657,0.5422571301460266,0.5932945609092712,-0.005634190980345011,0.9997073411941528,0.6247695088386536,0.7659450173377991,0.028246600180864334,0.9830388426780701,0.5476998686790466,0.776011049747467,0.05452192947268486,0.9699020385742188,0.6200398206710815,0.9042201638221741,0.3464754819869995,0.9513489603996277,0.5554324388504028,0.9194020628929138,0.35106950998306274,0.9478240013122559,0.6102054119110107,0.9177914261817932,0.3691299259662628,0.8682542443275452,0.5629485845565796,0.9321571588516235,0.3723392188549042,0.8655943870544434,0.6388736963272095,0.9729141592979431,0.22670277953147888,0.9334297180175781,0.5413616299629211,0.9919198155403137,0.21639268100261688,0.939633846282959,134.04406537274878,120.8467067032028,88.65522702322922,64.20225695309131,25.837990170022586,90.78096881179657,66.5166549481227,23.497903764610445,88.37931175441608,18.29268962108382,71.78434528736125,87.78798652084582,7.745632505967999,82.58065693607973,95.25586358676293,61.829056116520285,151.25523244320993,82.23253850252387,60.465220328095675,149.25996580147955,3104
0.5812350511550903,0.25521212816238403,-0.5155179500579834,0.9998685121536255,0.58828204870224,0.2324773520231247,-0.49761733412742615,0.9996452331542969,0.5929664373397827,0.2315698266029358,-0.49762940406799316,0.9995708465576172,0.5968742966651917,0.23071405291557312,-0.4976312518119812,0.9995046257972717,0.5727459788322449,0.2313094139099121,-0.5023386478424072,0.9997127056121826,0.566502571105957,0.23001809418201447,-0.5023882985115051,0.9997156262397766,0.5609871745109558,0.22860683500766754,-0.5024086236953735,0.9997426867485046,0.6010196805000305,0.22989687323570251,-0.3389860689640045,0.9993764162063599,0.5506061911582947,0.2299133986234665,-0.3630269467830658,0.9997732043266296,0.5886553525924683,0.27155908942222595,-0.4509102702140808,0.9998700022697449,0.5708740949630737,0.2713322043418884,-0.4578632414340973,0.9998987913131714,0.641852617263794,0.32747793197631836,-0.20170116424560547,0.9998791217803955,0.5057082772254944,0.33675387501716614,-0.236454576253891,0.9998945593833923,0.6683807969093323,0.4621257781982422,-0.11312006413936615,0.9909570813179016,0.48789992928504944,0.4807591140270233,-0.17785809934139252,0.9730221033096313,0.6794125437736511,0.5866138339042664,-0.24850384891033173,0.9740718007087708,0.49564456939697266,0.5986007452011108,-0.30196020007133484,0.9606007933616638,0.6842845678329468,0.6231296062469482,-0.2914313077926636,0.9347952604293823,0.499457985162735,0.6360029578208923,-0.3442735970020294,0.9299271702766418,0.6793142557144165,0.6219793558120728,-0.3350710868835449,0.929064929485321,0.5106004476547241,0.629934549331665,-0.38438740372657776,0.9226757287979126,0.6732677221298218,0.6104214787483215,-0.26814448833465576,0.9051370024681091,0.5125495195388794,0.6194435358047485,-0.31861159205436707,0.8991727232933044,0.6177078485488892,0.5919753313064575,0.005873336456716061,0.9997483491897583,0.5419289469718933,0.5932921171188354,-0.005911215208470821,0.9997071027755737,0.6247541308403015,0.7658435106277466,0.026027005165815353,0.9843131899833679,0.5476697683334351,0.7760797142982483,0.053338486701250076,0.9724867939949036,0.6196482181549072,0.9041176438331604,0.33841419219970703,0.9554039835929871,0.5554361939430237,0.9194979071617126,0.3460499048233032,0.9524933099746704,0.6101167798042297,0.9177350997924805,0.3606353998184204,0.8768501877784729,0.562989354133606,0.93229740858078,0.3670088052749634,0.8728183507919312,0.6388278603553772,0.9726819396018982,0.22376862168312073,0.9389161467552185,0.5412296056747437,0.992009162902832,0.21164660155773163,0.9446614384651184,134.07932175060816,120.41679415230784,88.6351034470276,63.90475272544711,26.13637139555951,90.85628440933787,66.12687731841017,23.890406045456217,88.28870110479689,18.03851711868826,72.04843595582669,87.69468663550295,7.00052724676453,83.39352761612966,95.31471785073508,61.78572301764253,151.19967104471408,81.82945637967109,59.4654701069328,148.15919303140853,3105
0.5800732374191284,0.2565271854400635,-0.48628249764442444,0.9998812675476074,0.5871882438659668,0.23364467918872833,-0.4684368073940277,0.9996792078018188,0.5917336940765381,0.2327149510383606,-0.4684372842311859,0.9996116757392883,0.5958335995674133,0.23173363506793976,-0.4684078097343445,0.9995516538619995,0.5719121694564819,0.2323351949453354,-0.4740099310874939,0.9997403025627136,0.5654139518737793,0.23072463274002075,-0.47404980659484863,0.9997428059577942,0.5593891143798828,0.22920677065849304,-0.4740588665008545,0.9997672438621521,0.5993885397911072,0.2303401529788971,-0.3160763382911682,0.9994338750839233,0.5486153960227966,0.2299456149339676,-0.3450053930282593,0.9997945427894592,0.5871390700340271,0.2726587653160095,-0.4246343970298767,0.9998824596405029,0.5688748955726624,0.27263277769088745,-0.43297213315963745,0.9999086260795593,0.6393271684646606,0.3269960582256317,-0.18915066123008728,0.9998886585235596,0.5030991435050964,0.3368588984012604,-0.23078064620494843,0.9999035596847534,0.6665436029434204,0.46236133575439453,-0.09240832924842834,0.990805447101593,0.4880104064941406,0.48058804869651794,-0.18381628394126892,0.9749577641487122,0.6790523529052734,0.5866669416427612,-0.22190392017364502,0.9750573039054871,0.49560490250587463,0.5990499258041382,-0.30316638946533203,0.9627002477645874,0.6842518448829651,0.6232401728630066,-0.2624368965625763,0.9377447366714478,0.49869316816329956,0.6368511915206909,-0.3441491425037384,0.9332431554794312,0.6792354583740234,0.6220626831054688,-0.3160284161567688,0.9327632784843445,0.5097301602363586,0.6311690211296082,-0.3830023407936096,0.9269325733184814,0.672938883304596,0.6104956865310669,-0.2447381466627121,0.910923957824707,0.5118589401245117,0.6202411651611328,-0.3194788098335266,0.9052386283874512,0.6172469854354858,0.5919540524482727,0.008861619979143143,0.9997460842132568,0.5416570901870728,0.5937291979789734,-0.00889824889600277,0.9997142553329468,0.6246669888496399,0.7657919526100159,0.04234993830323219,0.9854289889335632,0.5476245880126953,0.7762260437011719,0.044906143099069595,0.9748138785362244,0.6191378831863403,0.9040330052375793,0.3418387770652771,0.958938717842102,0.555436909198761,0.9196764826774597,0.31450799107551575,0.9566354155540466,0.6098356246948242,0.9177218675613403,0.36307036876678467,0.8848146796226501,0.5629910230636597,0.9325546622276306,0.3322886824607849,0.8787150382995605,0.6387680172920227,0.9721502065658569,0.23077738285064697,0.9435967206954956,0.5411876440048218,0.9920187592506409,0.17593403160572052,0.9489466547966003,134.46178198779467,125.5902025069347,88.53461111656905,61.993306090458745,28.051860285850662,90.96031589066976,65.22613980701622,24.79500356034563,88.20353731802827,16.522014902038485,73.58153708834665,87.59997577830097,11.161829135962842,79.10573622297309,95.20835027204697,62.556702404844536,151.98350487220546,81.43175532674059,58.869382938472086,147.4503390532644,3106
0.577947735786438,0.2569780945777893,-0.503169596195221,0.9998926520347595,0.5850076079368591,0.2342463880777359,-0.4862949252128601,0.9997095465660095,0.589119553565979,0.23335343599319458,-0.4862859845161438,0.9996482729911804,0.5935089588165283,0.2323184758424759,-0.48627418279647827,0.9995937347412109,0.5699722766876221,0.23274797201156616,-0.49171337485313416,0.9997648596763611,0.5631786584854126,0.23097538948059082,-0.491762638092041,0.999767005443573,0.5570822954177856,0.22941245138645172,-0.4917701780796051,0.9997890591621399,0.5969635248184204,0.23063674569129944,-0.33187335729599,0.9994854927062988,0.5464627742767334,0.22994305193424225,-0.36074042320251465,0.9998133778572083,0.5849822163581848,0.2729528248310089,-0.44012579321861267,0.9998936653137207,0.5665852427482605,0.2727629244327545,-0.44836440682411194,0.9999174475669861,0.6372452974319458,0.32612523436546326,-0.19425293803215027,0.9998976588249207,0.5018525123596191,0.33693715929985046,-0.2434268295764923,0.9999114274978638,0.6634873747825623,0.4629872441291809,-0.09365888684988022,0.990835964679718,0.48766303062438965,0.48058751225471497,-0.19604171812534332,0.9767293930053711,0.6769601106643677,0.5877174735069275,-0.21908526122570038,0.9762080311775208,0.49497953057289124,0.6000287532806396,-0.3142021596431732,0.9646533727645874,0.6833846569061279,0.6237015128135681,-0.2584249675273895,0.9408708214759827,0.4960409104824066,0.6376166939735413,-0.35617130994796753,0.936285674571991,0.676183819770813,0.6229550242424011,-0.30562514066696167,0.9365627765655518,0.5068715810775757,0.632519006729126,-0.3943712115287781,0.9308079481124878,0.6696460843086243,0.6110965609550476,-0.23981139063835144,0.9165582060813904,0.5094496011734009,0.6213276386260986,-0.33035632967948914,0.9106530547142029,0.6155987977981567,0.5917348265647888,0.010651061311364174,0.9997423887252808,0.5404548645019531,0.5937427282333374,-0.010713303461670876,0.9997172355651855,0.6240445971488953,0.7659207582473755,0.044319577515125275,0.9864271283149719,0.5474236607551575,0.776355504989624,0.03751252591609955,0.9769221544265747,0.6188606023788452,0.9038835763931274,0.349733829498291,0.9621245861053467,0.5553494691848755,0.9195310473442078,0.310126394033432,0.9603751301765442,0.6097488403320312,0.9176403880119324,0.3717375695705414,0.8916645646095276,0.5630332231521606,0.932196319103241,0.3284006416797638,0.8833103179931641,0.6386112570762634,0.972041130065918,0.23760323226451874,0.9478472471237183,0.5408182740211487,0.9919469952583313,0.17001786828041077,0.9528470635414124,132.52229394213248,125.1474635112679,88.52556395030514,62.30171520378965,27.744346383002398,90.88621732443954,65.69327995806236,24.324983621234257,87.88693592442996,14.940203087378935,75.21690169370392,87.27442878776246,11.270230429788327,79.0726987361259,95.26408233408947,62.792370163101765,152.2036318510846,81.44035439500861,59.09418500550663,147.6724375259631,3107
0.5745479464530945,0.25765547156333923,-0.4974788725376129,0.9999030232429504,0.5819283723831177,0.23536093533039093,-0.4802002012729645,0.9997373223304749,0.5854375958442688,0.23450340330600739,-0.4801750183105469,0.9996817708015442,0.5894992351531982,0.23351380228996277,-0.480151891708374,0.9996322989463806,0.5663694143295288,0.23391714692115784,-0.48598772287368774,0.9997873306274414,0.5591319799423218,0.23209786415100098,-0.486039936542511,0.999789297580719,0.5534507036209106,0.23048092424869537,-0.48603981733322144,0.9998091459274292,0.593342661857605,0.23186850547790527,-0.32867878675460815,0.9995331168174744,0.5435312986373901,0.23074908554553986,-0.3593459725379944,0.9998308420181274,0.5818921327590942,0.2737668454647064,-0.43608230352401733,0.9999038577079773,0.5624276399612427,0.27332666516304016,-0.4447849690914154,0.9999254941940308,0.6332937479019165,0.32662975788116455,-0.19444191455841064,0.9999057650566101,0.4989960789680481,0.3421500325202942,-0.2479640245437622,0.9999187588691711,0.6596180200576782,0.46390897035598755,-0.09340962767601013,0.9907950758934021,0.4865301549434662,0.4821675419807434,-0.20045733451843262,0.9784120917320251,0.6745046377182007,0.5885984301567078,-0.20365175604820251,0.9772310853004456,0.4909113347530365,0.6032273173332214,-0.30974262952804565,0.9667035937309265,0.6817964315414429,0.6240968704223633,-0.2380162924528122,0.9436655044555664,0.48939791321754456,0.6397048830986023,-0.3498689532279968,0.9395557045936584,0.6732620596885681,0.62375408411026,-0.2836898863315582,0.9399511218070984,0.5002824068069458,0.6352075934410095,-0.3870818018913269,0.9348178505897522,0.6669052839279175,0.6120597720146179,-0.22353920340538025,0.9216870069503784,0.5029208660125732,0.6236992478370667,-0.3255631625652313,0.9162427186965942,0.6137217283248901,0.5922644734382629,0.011591104790568352,0.9997445344924927,0.5394017696380615,0.595253586769104,-0.01168306078761816,0.999725878238678,0.6238385438919067,0.766536295413971,0.04611095041036606,0.9873524904251099,0.546527087688446,0.7776013612747192,0.035525258630514145,0.978817880153656,0.6185011863708496,0.9037235975265503,0.3530818223953247,0.9650461077690125,0.5550183653831482,0.9195311665534973,0.3075474500656128,0.9637650847434998,0.6096857786178589,0.9170030951499939,0.3755393922328949,0.8975878953933716,0.5629677176475525,0.932146430015564,0.3262357711791992,0.8874664306640625,0.6385181546211243,0.9719908833503723,0.24587838351726532,0.951740562915802,0.5398961305618286,0.9920024275779724,0.17237648367881775,0.9564250111579895,132.0923666519547,125.15041964240203,88.41475127351467,62.457771141433845,27.59566891379028,90.90944060656824,65.92304361342147,24.096326718843738,87.83363257574649,14.672060508346306,75.49588314680297,86.74078174465785,11.662741907725826,78.81421329905618,95.63103578484724,61.95036514949964,151.2907874925901,81.04962076719393,57.954150981692,146.4312969257715,3108
0.5697023868560791,0.2582795023918152,-0.49067917466163635,0.999912440776825,0.5777250528335571,0.23643909394741058,-0.4738479554653168,0.9997626543045044,0.5813727378845215,0.23564983904361725,-0.4738124907016754,0.999712347984314,0.5849227905273438,0.2347172051668167,-0.473777711391449,0.9996675848960876,0.56113201379776,0.23496466875076294,-0.4787819981575012,0.9998078942298889,0.5544503331184387,0.23311276733875275,-0.47883859276771545,0.9998096227645874,0.5488001704216003,0.2314552366733551,-0.47884050011634827,0.99982750415802,0.5891269445419312,0.2332320660352707,-0.3268117308616638,0.9995768666267395,0.5399841070175171,0.23156385123729706,-0.3538980185985565,0.9998469352722168,0.5773079991340637,0.27428609132766724,-0.431316077709198,0.999913215637207,0.5570492148399353,0.2737662196159363,-0.43896061182022095,0.9999327659606934,0.6298493146896362,0.32923221588134766,-0.1975523978471756,0.999913215637207,0.4950370788574219,0.34615352749824524,-0.24751782417297363,0.9999258518218994,0.6567993760108948,0.4658142030239105,-0.09823350608348846,0.990890383720398,0.4837900698184967,0.48341113328933716,-0.20267820358276367,0.9800736904144287,0.6697564125061035,0.5911125540733337,-0.205159991979599,0.9783809185028076,0.4873965382575989,0.605273425579071,-0.31331872940063477,0.9689450263977051,0.6772351264953613,0.6251131296157837,-0.23886223137378693,0.9466747641563416,0.48558902740478516,0.6418678760528564,-0.35376089811325073,0.9432922601699829,0.6671445965766907,0.6245224475860596,-0.2842232584953308,0.9434438347816467,0.49648675322532654,0.6375352144241333,-0.3894464075565338,0.9391648173332214,0.6613675355911255,0.6128119230270386,-0.22454431653022766,0.9267459511756897,0.49909669160842896,0.6254864931106567,-0.32849475741386414,0.922107994556427,0.6115182638168335,0.5929516553878784,0.01219604630023241,0.9997482299804688,0.5378566384315491,0.5968939661979675,-0.012303568422794342,0.9997372627258301,0.6237914562225342,0.7674750089645386,0.04334468021988869,0.9881374835968018,0.5461891293525696,0.7785102725028992,0.029253780841827393,0.9805123209953308,0.6180976033210754,0.9035494923591614,0.3478049635887146,0.9676056504249573,0.5546547174453735,0.9197850823402405,0.2964532673358917,0.9667852520942688,0.6094794273376465,0.9162843823432922,0.37002962827682495,0.9030508995056152,0.5623679757118225,0.9323292970657349,0.31509923934936523,0.8908424377441406,0.6385158896446228,0.9719802737236023,0.24320371448993683,0.9551507830619812,0.5394032597541809,0.9923458099365234,0.1667557656764984,0.9595425128936768,130.7809693122187,124.02099533792713,88.39563888524025,62.14538709408033,27.908938969763415,90.97816070366528,65.92210979272933,24.10029649104864,87.43922450043549,13.136217252756596,77.12458418433262,86.03972813932315,10.859308866431181,79.90491568968805,95.85939571125924,60.94201393660902,150.24400020954005,80.72264331335498,57.29598191168475,145.67836306403146,3109
0.5666967034339905,0.2592819035053253,-0.44028639793395996,0.9999210238456726,0.5746932029724121,0.23779602348804474,-0.4255553185939789,0.999785840511322,0.5781916975975037,0.23697258532047272,-0.42549237608909607,0.9997403025627136,0.5815740823745728,0.2359538972377777,-0.42542535066604614,0.9996998906135559,0.5580480098724365,0.23652967810630798,-0.430743545293808,0.9998267292976379,0.5512057542800903,0.2345253825187683,-0.43079978227615356,0.9998282194137573,0.5454928278923035,0.23268483579158783,-0.4307793080806732,0.9998443722724915,0.5855220556259155,0.23456093668937683,-0.2977677583694458,0.9996172785758972,0.5362107157707214,0.23249194025993347,-0.32731083035469055,0.9998617768287659,0.5741077661514282,0.2752145826816559,-0.38869303464889526,0.9999217391014099,0.5538809299468994,0.2747749388217926,-0.3967267870903015,0.9999393820762634,0.6261652112007141,0.33037105202674866,-0.191830575466156,0.9999204277992249,0.49015364050865173,0.35020825266838074,-0.23873703181743622,0.9999324083328247,0.6546251177787781,0.46605217456817627,-0.09358595311641693,0.9910395741462708,0.4787556231021881,0.4863041043281555,-0.1955607384443283,0.9816763997077942,0.6658798456192017,0.5912071466445923,-0.17350168526172638,0.9795548319816589,0.48471397161483765,0.6094459295272827,-0.2949499487876892,0.9711130857467651,0.6735265254974365,0.625142514705658,-0.20363204181194305,0.949738621711731,0.48342418670654297,0.6454125046730042,-0.32564598321914673,0.946950376033783,0.6624529361724854,0.6245333552360535,-0.23938171565532684,0.9469297528266907,0.4940032362937927,0.6414299607276917,-0.3536163568496704,0.9433804154396057,0.6570695042610168,0.6128266453742981,-0.18845608830451965,0.9317735433578491,0.4965781271457672,0.6288971304893494,-0.30540210008621216,0.9278497695922852,0.6096764206886292,0.5936651825904846,0.012752575799822807,0.9997586011886597,0.5364800095558167,0.5989853143692017,-0.012886203825473785,0.9997515678405762,0.6237708330154419,0.7677767276763916,0.031154107302427292,0.9888386130332947,0.5461590886116028,0.7785013318061829,0.019662726670503616,0.9819551110267639,0.6179484128952026,0.9027678370475769,0.3126685619354248,0.9699166417121887,0.554430365562439,0.91981041431427,0.26189619302749634,0.9694345593452454,0.6092212200164795,0.9145744442939758,0.3341177999973297,0.908189594745636,0.5619666576385498,0.9322968125343323,0.2795540690422058,0.8931077718734741,0.6386749148368835,0.971979558467865,0.23503848910331726,0.958143949508667,0.5388836860656738,0.9926239848136902,0.1521744430065155,0.9621729254722595,130.5621472298162,121.43116450834475,88.31059840767252,59.756991209670076,30.300200813381657,91.0683995375799,64.38624294145153,25.63929850923402,86.96315514734717,10.711611064250654,79.73765726320805,85.39749348624244,7.583063833610425,83.98643663036962,96.73320048815816,56.69279487952044,145.84004006413326,78.72935765557715,49.25888068707479,137.05637901058375,3110
0.5640751123428345,0.26023027300834656,-0.4620690941810608,0.9999287128448486,0.5718137621879578,0.23903509974479675,-0.4451916813850403,0.9998066425323486,0.5751554369926453,0.2380974441766739,-0.44510969519615173,0.9997653961181641,0.5788170695304871,0.23692946135997772,-0.4450398087501526,0.9997288584709167,0.555540919303894,0.23803427815437317,-0.45151853561401367,0.9998435378074646,0.5483406782150269,0.23599688708782196,-0.45157867670059204,0.9998449087142944,0.5427641868591309,0.2340463548898697,-0.4515469968318939,0.9998594522476196,0.5827125310897827,0.2356840968132019,-0.3077661395072937,0.9996532797813416,0.5329620242118835,0.23373618721961975,-0.3412545919418335,0.999875009059906,0.5713461637496948,0.2762296497821808,-0.40722188353538513,0.9999293684959412,0.5514318346977234,0.27597540616989136,-0.4168531894683838,0.999945342540741,0.6236673593521118,0.3322446048259735,-0.19334672391414642,0.9999266862869263,0.48705530166625977,0.35247957706451416,-0.24648766219615936,0.9999380707740784,0.6522412300109863,0.46672648191452026,-0.09511785209178925,0.9911220073699951,0.475670725107193,0.4867508113384247,-0.20435500144958496,0.9830908179283142,0.6630798578262329,0.5926951169967651,-0.18357622623443604,0.9805893898010254,0.4815317690372467,0.6096265316009521,-0.3019244074821472,0.9730258584022522,0.6715075373649597,0.6255862712860107,-0.2166702002286911,0.9524068832397461,0.47907447814941406,0.6454697847366333,-0.3377336263656616,0.9501839280128479,0.6600714921951294,0.62481689453125,-0.2549542784690857,0.9499688148498535,0.4904143810272217,0.6421028971672058,-0.3703516125679016,0.9471043348312378,0.6546512842178345,0.6133440136909485,-0.19987483322620392,0.9361067414283752,0.49340686202049255,0.6298004388809204,-0.31536367535591125,0.932857096195221,0.6080453991889954,0.5939915180206299,0.01401519775390625,0.9997683167457581,0.5346543788909912,0.6002343893051147,-0.014170643873512745,0.9997643828392029,0.6239207983016968,0.7678002119064331,0.03229500725865364,0.9894670248031616,0.5461522340774536,0.7784870862960815,0.02044418826699257,0.9832806587219238,0.617536723613739,0.9029258489608765,0.3140626847743988,0.9720237851142883,0.5537821650505066,0.9200367331504822,0.2757583260536194,0.9718594551086426,0.6085473299026489,0.9145957827568054,0.33612948656082153,0.9128236174583435,0.5612396001815796,0.9324239492416382,0.2942124903202057,0.8950072526931763,0.6391339302062988,0.9720295667648315,0.2370603382587433,0.9609518051147461,0.5391236543655396,0.9929700493812561,0.1581222116947174,0.9646662473678589,130.0050935437389,121.34861542757052,88.50283554037978,61.00625868433917,29.039845264506514,91.17036060961233,64.38503234910085,25.645612800387475,86.37685252283785,11.564356062620925,79.03276301890779,84.80964801367294,7.930140522726561,84.02086712370615,96.04542639412374,58.39880793442836,147.6911828823258,78.2092511039733,49.170360156327604,136.76443269628794,3111
0.5623129606246948,0.2608652710914612,-0.46218499541282654,0.9999356269836426,0.5694383382797241,0.2397155910730362,-0.44532474875450134,0.9998253583908081,0.5728030204772949,0.23866695165634155,-0.44523319602012634,0.9997879862785339,0.5768429040908813,0.2373979240655899,-0.44516101479530334,0.9997549057006836,0.5538251996040344,0.2388613373041153,-0.4517664313316345,0.9998586773872375,0.5462504625320435,0.2368193119764328,-0.45182767510414124,0.9998599290847778,0.5404250621795654,0.23482637107372284,-0.4517926573753357,0.9998730421066284,0.5804051160812378,0.236135795712471,-0.3098326325416565,0.9996858239173889,0.5298348069190979,0.23446789383888245,-0.34269875288009644,0.9998869299888611,0.5694950222969055,0.27691277861595154,-0.4073222577571869,0.9999362230300903,0.5499351620674133,0.2767886817455292,-0.41679659485816956,0.9999507069587708,0.621667206287384,0.33248594403266907,-0.19428372383117676,0.9999323487281799,0.48449429869651794,0.3532657027244568,-0.2488659918308258,0.9999431371688843,0.6501736640930176,0.4669593572616577,-0.09491860866546631,0.9911220073699951,0.47323885560035706,0.48785310983657837,-0.20589058101177216,0.9843732714653015,0.6608185172080994,0.5931278467178345,-0.17383959889411926,0.9814494848251343,0.47904539108276367,0.610733151435852,-0.29693517088890076,0.9746761322021484,0.6698707342147827,0.6257932782173157,-0.2039782702922821,0.9546905755996704,0.47604435682296753,0.6462871432304382,-0.33532536029815674,0.9529434442520142,0.6583219766616821,0.6249048113822937,-0.24099931120872498,0.9525946974754333,0.48726457357406616,0.6435723900794983,-0.36996394395828247,0.9503301382064819,0.6526855230331421,0.6136199831962585,-0.18919943273067474,0.9399504661560059,0.49062737822532654,0.6314286589622498,-0.31099915504455566,0.93730229139328,0.6072275042533875,0.5940084457397461,0.014787880703806877,0.9997775554656982,0.5335835814476013,0.600812554359436,-0.01496240682899952,0.9997757077217102,0.6242619752883911,0.7680893540382385,0.03233182802796364,0.9900263547897339,0.5461557507514954,0.7788152694702148,0.0204978808760643,0.9844350218772888,0.6170352101325989,0.9030400514602661,0.3187338709831238,0.9738631844520569,0.553615927696228,0.9201478958129883,0.2738838195800781,0.9739649891853333,0.6080306768417358,0.9145349264144897,0.34070533514022827,0.9166966676712036,0.5608389973640442,0.9324322938919067,0.29246073961257935,0.8957054615020752,0.6397832632064819,0.9727827906608582,0.23823444545269012,0.9633228182792664,0.5399307012557983,0.9934157729148865,0.1581592708826065,0.9667083024978638,130.41920279500204,120.66626539764363,88.52709984799883,60.85882395083324,29.185656548567245,91.30760134055026,64.77753514886382,25.26114152529973,86.03756551430929,11.9345017407079,78.76076640510502,84.43917620309725,7.996066117480369,84.27231196033311,95.70578151513946,57.8407036990398,147.21552607189437,77.94400005895858,50.18114588144636,137.6571880755927,3112
0.5594796538352966,0.26125845313072205,-0.4841436743736267,0.999941885471344,0.56657874584198,0.2399921715259552,-0.46548327803611755,0.9998421669006348,0.5701475739479065,0.23889562487602234,-0.46543359756469727,0.9998083114624023,0.5744511485099792,0.23756857216358185,-0.4653998911380768,0.9997783899307251,0.5511367917060852,0.23925791680812836,-0.4717952311038971,0.9998722672462463,0.5434830188751221,0.23731085658073425,-0.4718494415283203,0.9998733401298523,0.5375404357910156,0.23538754880428314,-0.471829354763031,0.9998851418495178,0.5780342817306519,0.23645764589309692,-0.31606966257095337,0.9997152090072632,0.5266667604446411,0.2353115826845169,-0.3500564694404602,0.9998975396156311,0.5665668249130249,0.2774539589881897,-0.42412620782852173,0.9999423623085022,0.5471936464309692,0.27762115001678467,-0.43383917212486267,0.9999555349349976,0.6190399527549744,0.33335480093955994,-0.19363680481910706,0.9999375939369202,0.4821435809135437,0.35365036129951477,-0.24630585312843323,0.9999473690986633,0.6473342776298523,0.46702611446380615,-0.09386931359767914,0.9911929368972778,0.47070759534835815,0.48786890506744385,-0.20239517092704773,0.9854404926300049,0.656378448009491,0.5931004285812378,-0.1766006052494049,0.9823776483535767,0.4772072434425354,0.6107488870620728,-0.3086429834365845,0.9759653210639954,0.6662784814834595,0.6258050799369812,-0.2116209715604782,0.9570112228393555,0.47390279173851013,0.6466298699378967,-0.3492065370082855,0.9550607800483704,0.6550094485282898,0.62486732006073,-0.25307583808898926,0.95521080493927,0.485727459192276,0.644014298915863,-0.3861117362976074,0.9528747200965881,0.6494777798652649,0.6136320233345032,-0.1935214102268219,0.9435407519340515,0.4892575144767761,0.6321264505386353,-0.32435259222984314,0.9408040642738342,0.606194019317627,0.5945168733596802,0.015508061274886131,0.9997850060462952,0.5322540402412415,0.6021860241889954,-0.015670213848352432,0.9997839331626892,0.6259138584136963,0.76902174949646,0.0325947143137455,0.9904643893241882,0.5460774898529053,0.7798975706100464,0.021098190918564796,0.9854195713996887,0.6170245409011841,0.9038732051849365,0.3568081259727478,0.9752241373062134,0.5536018013954163,0.9217243790626526,0.2954833209514618,0.9757485389709473,0.6080439686775208,0.9148523807525635,0.382500022649765,0.9193235635757446,0.5606399774551392,0.9336768388748169,0.3167889416217804,0.8953931927680969,0.6420181393623352,0.9742692112922668,0.26357367634773254,0.9651557207107544,0.5400949716567993,0.994853675365448,0.16823026537895203,0.968380868434906,129.0120442693314,117.7911895323694,88.60451659380401,62.67481295121249,27.366827973141483,91.45016720747392,67.42353457443633,22.628177291387107,85.6440436384412,12.464157084428201,78.34471696530497,83.58309889810897,8.50408179829904,84.4428537666025,95.25798349435867,60.25349803166469,149.698155274191,77.92423257549319,53.89699409584324,141.29761326627352,3113
0.5563052296638489,0.26154235005378723,-0.46429356932640076,0.9999475479125977,0.5632299780845642,0.2402823567390442,-0.4472888112068176,0.9998575448989868,0.5668500065803528,0.23920117318630219,-0.4472362995147705,0.9998269081115723,0.5713399052619934,0.23783694207668304,-0.4472038149833679,0.999799907207489,0.5476667284965515,0.23946063220500946,-0.4524640142917633,0.9998847246170044,0.5399580597877502,0.23753491044044495,-0.45251035690307617,0.999885618686676,0.534133791923523,0.23568002879619598,-0.4524741768836975,0.9998962879180908,0.57542484998703,0.23687325417995453,-0.3078440725803375,0.9997424483299255,0.5236546993255615,0.23592454195022583,-0.33874398469924927,0.999907374382019,0.5636595487594604,0.27772626280784607,-0.40905237197875977,0.9999479651451111,0.5441542863845825,0.27811703085899353,-0.41749319434165955,0.9999598860740662,0.6171022057533264,0.33400827646255493,-0.1925753504037857,0.999942421913147,0.4802747666835785,0.3535536825656891,-0.24463684856891632,0.9999515414237976,0.6457338929176331,0.4674236476421356,-0.09554991871118546,0.9913143515586853,0.4684693217277527,0.4879637360572815,-0.2025025337934494,0.9864198565483093,0.654664158821106,0.5937175154685974,-0.18106238543987274,0.9832810163497925,0.47559618949890137,0.6106037497520447,-0.30473214387893677,0.9771203398704529,0.6639190912246704,0.6260324120521545,-0.21538934111595154,0.9593321681022644,0.4723277986049652,0.6468868851661682,-0.34336429834365845,0.9569958448410034,0.6529704928398132,0.6249975562095642,-0.25483229756355286,0.957781195640564,0.48467373847961426,0.6441711187362671,-0.37890976667404175,0.9551958441734314,0.6476829648017883,0.6141002774238586,-0.19756898283958435,0.9470897316932678,0.48809918761253357,0.6323994398117065,-0.3199387788772583,0.944133460521698,0.605028510093689,0.5947844386100769,0.015539857558906078,0.999794065952301,0.5307031273841858,0.6029607057571411,-0.015697574242949486,0.9997947812080383,0.627118706703186,0.7690817713737488,0.03687252476811409,0.9908970594406128,0.5454041957855225,0.780008852481842,0.02216179668903351,0.9863758087158203,0.6171811819076538,0.9048404097557068,0.3447463810443878,0.9766577482223511,0.5536033511161804,0.9240168333053589,0.2841784358024597,0.977436900138855,0.6081553101539612,0.9168217182159424,0.36770448088645935,0.9225789904594421,0.5606482625007629,0.936866819858551,0.3029395639896393,0.8962292671203613,0.6450209021568298,0.9758011102676392,0.25590646266937256,0.9669989347457886,0.5400995016098022,0.9958488345146179,0.16473808884620667,0.9699580073356628,130.85087333049998,120.24734958588422,88.42914546093328,61.218028054432466,28.832958726705353,91.69168442106657,66.2156713458231,23.851908170655665,85.35784726208962,12.919685141672295,77.97003685110164,82.82986517828093,9.992332716044919,83.07697284017858,95.53397202255879,59.13756275802468,148.5358816893384,76.24181061477252,52.68535085546242,139.3697393916762,3114
0.5552104711532593,0.2618899643421173,-0.47743406891822815,0.999952495098114,0.5614524483680725,0.24078777432441711,-0.4608016610145569,0.9998709559440613,0.5652833580970764,0.23966044187545776,-0.4607578217983246,0.9998430609703064,0.5697101354598999,0.23825255036354065,-0.46072450280189514,0.9998185634613037,0.5466513633728027,0.23971500992774963,-0.46619534492492676,0.9998955726623535,0.5395012497901917,0.23765844106674194,-0.4662487506866455,0.9998963475227356,0.5331823229789734,0.23577441275119781,-0.4662296772003174,0.9999059438705444,0.5733946561813354,0.2370789647102356,-0.31759512424468994,0.9997653365135193,0.521922767162323,0.2359156757593155,-0.3489528000354767,0.9999158382415771,0.5620545148849487,0.27798306941986084,-0.4201272428035736,0.9999528527259827,0.5430945158004761,0.27842992544174194,-0.42882975935935974,0.9999637603759766,0.615837574005127,0.3339786231517792,-0.19827339053153992,0.999946117401123,0.478478342294693,0.3533608317375183,-0.24758701026439667,0.9999551773071289,0.6440300941467285,0.4674720764160156,-0.10382094234228134,0.9912269115447998,0.46686142683029175,0.4879337549209595,-0.2060796022415161,0.9872841835021973,0.6530612707138062,0.5938892960548401,-0.2017851620912552,0.9837568402290344,0.4742280840873718,0.6105250120162964,-0.30981749296188354,0.9780251383781433,0.6618158221244812,0.6261157989501953,-0.23746006190776825,0.9606611728668213,0.4706416130065918,0.6470447778701782,-0.3479481339454651,0.9584484696388245,0.6510921120643616,0.6250038146972656,-0.27773353457450867,0.9593579173088074,0.4831608235836029,0.6442366242408752,-0.3850070834159851,0.9570046663284302,0.6460651755332947,0.6141260266304016,-0.21890147030353546,0.9494400024414062,0.4866762161254883,0.632627546787262,-0.32568541169166565,0.9467651844024658,0.604348361492157,0.5946168303489685,0.015993844717741013,0.9997974038124084,0.52979576587677,0.602891743183136,-0.016136273741722107,0.9998015761375427,0.6278520226478577,0.7690382599830627,0.0396285206079483,0.9912335276603699,0.5446100234985352,0.7799306511878967,0.02205435372889042,0.9872504472732544,0.6180024743080139,0.9083976745605469,0.3216113746166229,0.9779697060585022,0.5534571409225464,0.9247912168502808,0.2727523446083069,0.9789619445800781,0.6086320877075195,0.9232556223869324,0.34074434638023376,0.9258611798286438,0.5605367422103882,0.9389628767967224,0.28966063261032104,0.8972403407096863,0.6494500041007996,0.9777137637138367,0.22256600856781006,0.968651294708252,0.540103018283844,0.9957551956176758,0.14714649319648743,0.9713634848594666,132.1893181516149,123.37299378212192,88.24983476101815,59.99487615617419,30.06679123643971,91.79358205733122,63.71472000137173,26.355894264488246,85.32381990584626,13.027827625807033,77.86789700908788,82.39418315105695,10.818794138379987,82.35153368021635,95.28856423830362,60.672406789825125,150.10583475887876,75.41877270647915,56.2956270543957,142.45780222013926,3115
0.5539138317108154,0.26197102665901184,-0.4669428765773773,0.9999570846557617,0.5598870515823364,0.24082879722118378,-0.45199131965637207,0.9998833537101746,0.5641508102416992,0.23968133330345154,-0.45193490386009216,0.999858021736145,0.5685097575187683,0.2382674664258957,-0.45188602805137634,0.9998358488082886,0.5453223586082458,0.23967765271663666,-0.4569459557533264,0.9999055862426758,0.5386635065078735,0.23761431872844696,-0.4570002555847168,0.9999062418937683,0.5320348739624023,0.23574112355709076,-0.45696836709976196,0.9999148845672607,0.5723532438278198,0.23704902827739716,-0.3164694905281067,0.9997870326042175,0.5202888250350952,0.2358834147453308,-0.3475422263145447,0.9999237656593323,0.5605690479278564,0.27814212441444397,-0.412548303604126,0.9999573826789856,0.5417910814285278,0.2785035967826843,-0.4208679795265198,0.9999672770500183,0.6151689887046814,0.33391523361206055,-0.19746360182762146,0.9999499320983887,0.4769265055656433,0.35270851850509644,-0.24557702243328094,0.9999587535858154,0.6428952813148499,0.46756938099861145,-0.1047607883810997,0.9912850260734558,0.4651249349117279,0.4879154860973358,-0.20957538485527039,0.9881275296211243,0.6517935395240784,0.5942572951316833,-0.1962047964334488,0.984393298625946,0.4728917181491852,0.6105479001998901,-0.3091815710067749,0.9788652062416077,0.6603888869285583,0.6264533996582031,-0.229213684797287,0.9623220562934875,0.46934375166893005,0.6473594307899475,-0.34587937593460083,0.9598292708396912,0.6496714353561401,0.6251288056373596,-0.2673684358596802,0.9612268209457397,0.4819548726081848,0.644398033618927,-0.3820222020149231,0.9587101340293884,0.6447184681892395,0.6143573522567749,-0.21214111149311066,0.9520818591117859,0.4855648875236511,0.6329010128974915,-0.3247247338294983,0.9493271708488464,0.6039177775382996,0.594404935836792,0.016265129670500755,0.9998040795326233,0.5292505025863647,0.6028395295143127,-0.01640186458826065,0.9998103380203247,0.6285130977630615,0.7683684825897217,0.04815712571144104,0.9914782643318176,0.5431619882583618,0.7798337340354919,0.02255299873650074,0.9880043864250183,0.6210615634918213,0.9134722352027893,0.29217103123664856,0.9791188836097717,0.5528321266174316,0.9258244633674622,0.2512029707431793,0.9802184104919434,0.6118675470352173,0.930994987487793,0.3079093098640442,0.9287382960319519,0.5600274205207825,0.9408605098724365,0.26585665345191956,0.8974623680114746,0.6569675803184509,0.9802712798118591,0.19491897523403168,0.9699912667274475,0.540534257888794,0.9956769943237305,0.13186584413051605,0.9723178148269653,134.98693014279542,130.3620494037977,87.95849724538625,57.46539082299518,32.61473857126766,91.50351169709444,59.27374308451047,30.771142154949448,85.61050606505209,13.154196361863093,77.62458437456986,82.08296708662381,13.034945589940488,79.71166334923481,95.08228680290875,59.78971201841885,149.2752936780927,73.07335997108119,57.204252451672915,142.0526997255476,3116
