right_hip_xyz,right_knee_xyz,right_ankle_xyz,knee_angle_xyz
"[0.5441586971282959, 0.6456250548362732, -0.0004877554310951382]","[0.5264619588851929, 0.7982048392295837, -0.044549793004989624]","[0.5335197448730469, 0.9373916387557983, 0.07667619735002518]",122.29658600459861
"[0.5441885590553284, 0.6466386318206787, -0.001245495630428195]","[0.5265764594078064, 0.8020886778831482, -0.04183178395032883]","[0.5335196256637573, 0.9404363036155701, 0.08007724583148956]",123.44275905711409
"[0.5450512170791626, 0.6499975323677063, -0.0012621325440704823]","[0.5246399641036987, 0.8046275973320007, -0.06038997694849968]","[0.5334916710853577, 0.942462146282196, 0.08160236477851868]",112.67382665996098
"[0.5457465648651123, 0.6546554565429688, -0.0012517150025814772]","[0.5211636424064636, 0.8070430159568787, -0.0765800029039383]","[0.5335223078727722, 0.9429072737693787, 0.0790494754910469]",104.12850260645247
"[0.5459727644920349, 0.6587580442428589, -0.001143775531090796]","[0.5193482637405396, 0.8090755343437195, -0.08011127263307571]","[0.5335185527801514, 0.9438453316688538, 0.07694843411445618]",102.1078753313496
"[0.5460591316223145, 0.6647657752037048, -0.0008160583674907684]","[0.5174503922462463, 0.8113810420036316, -0.08648980408906937]","[0.5336089134216309, 0.9437444806098938, 0.07827149331569672]",97.6016755519865
"[0.5462106466293335, 0.6692413687705994, -0.0008136280812323093]","[0.5144563913345337, 0.8127431869506836, -0.11865262687206268]","[0.5336225628852844, 0.9436370730400085, 0.06525059044361115]",85.30098678324632
"[0.5464149713516235, 0.6739653944969177, -0.0006893550744280219]","[0.511872410774231, 0.8129972815513611, -0.1503918170928955]","[0.5336232781410217, 0.943767786026001, 0.05034511536359787]",75.33299973502172
"[0.5465625524520874, 0.6807734966278076, -0.00047644288861192763]","[0.5098165273666382, 0.8141971826553345, -0.18530812859535217]","[0.5336167812347412, 0.9427751898765564, 0.029860248789191246]",66.16977461209707
"[0.5467473268508911, 0.684120774269104, -0.00014212031965143979]","[0.5080459713935852, 0.8168168663978577, -0.1821773499250412]","[0.5336171388626099, 0.9427758455276489, 0.032932739704847336]",65.84974465599768
"[0.5467475652694702, 0.6888467669487, -0.0001473312295274809]","[0.5068178176879883, 0.8210481405258179, -0.2060784101486206]","[0.5336176156997681, 0.9427580237388611, 0.02943870797753334]",59.5523026444272
"[0.54676353931427, 0.6959434747695923, -0.00013282410509418696]","[0.504797101020813, 0.8226460814476013, -0.22587016224861145]","[0.5335574150085449, 0.9428441524505615, 0.021632064133882523]",54.772150727116056
"[0.5467647314071655, 0.7026193141937256, -7.899901538621634e-05]","[0.5022035241127014, 0.8231384754180908, -0.24040496349334717]","[0.5335434675216675, 0.9429672360420227, 0.01019816379994154]",51.7323116528546
"[0.5464974045753479, 0.7090576887130737, -0.00016691409109625965]","[0.5005614757537842, 0.8258673548698425, -0.25596243143081665]","[0.533568263053894, 0.9432202577590942, -0.009081615135073662]",49.491973807522
"[0.5462461113929749, 0.7173758745193481, -0.00024744917755015194]","[0.4998157024383545, 0.8284283876419067, -0.26980680227279663]","[0.5335752367973328, 0.9432145953178406, -0.03412983566522598]",47.86293362489665
"[0.5460056662559509, 0.7238590121269226, -0.000274985795840621]","[0.49915188550949097, 0.8316828608512878, -0.2763131558895111]","[0.5335049629211426, 0.9432263970375061, -0.022955546155571938]",44.67085922100391
"[0.5455859899520874, 0.7316593527793884, -0.0007186525035649538]","[0.4985715448856354, 0.8346889019012451, -0.2791954576969147]","[0.5331665277481079, 0.9432137608528137, -0.02251485362648964]",42.817372091704975
"[0.5447887182235718, 0.7391618490219116, -0.0013194403145462275]","[0.49780383706092834, 0.8358507752418518, -0.3033219873905182]","[0.5329969525337219, 0.9425652027130127, -0.03849512338638306]",39.348833267048924
"[0.5445781946182251, 0.7471279501914978, -0.0013554258039221168]","[0.49680328369140625, 0.8375798463821411, -0.28419357538223267]","[0.5329919457435608, 0.9420626163482666, -0.02619701623916626]",39.386434597080004
"[0.5442790985107422, 0.7571767568588257, -0.0017023503314703703]","[0.4959302544593811, 0.8390358686447144, -0.2848377227783203]","[0.5329992771148682, 0.9414176940917969, -0.02597411349415779]",37.3186099941098
"[0.5437520146369934, 0.7648341655731201, -0.0028733715880662203]","[0.49468737840652466, 0.8409827947616577, -0.2809430956840515]","[0.5329543948173523, 0.94118332862854, -0.021418098360300064]",36.032598516716355
"[0.5434895157814026, 0.7722758054733276, -0.0033894642256200314]","[0.49357399344444275, 0.840415358543396, -0.28280287981033325]","[0.5328847169876099, 0.9411522150039673, -0.027442391961812973]",34.826171645581084
"[0.5433109998703003, 0.7801628112792969, -0.003757269587367773]","[0.4926305413246155, 0.840523362159729, -0.28629058599472046]","[0.5328565835952759, 0.9412802457809448, -0.03153803199529648]",33.23517234197569
"[0.5433194041252136, 0.785784125328064, -0.00372554874047637]","[0.49240055680274963, 0.8410539031028748, -0.28541016578674316]","[0.5326868295669556, 0.9411623477935791, -0.028240064159035683]",31.99127390416789
"[0.543509304523468, 0.7942157983779907, -0.0037968866527080536]","[0.4922170042991638, 0.8412756323814392, -0.28887027502059937]","[0.5325506925582886, 0.9412450194358826, -0.03339680656790733]",30.38487565427938
"[0.5448583364486694, 0.7984684705734253, -0.0034616452176123857]","[0.49144166707992554, 0.84089595079422, -0.2806090712547302]","[0.5325402617454529, 0.9413596391677856, -0.039715372025966644]",30.919923077903512
"[0.5458424687385559, 0.8015947341918945, -0.0031356518156826496]","[0.49020513892173767, 0.8406314849853516, -0.26818886399269104]","[0.532537579536438, 0.9413962960243225, -0.038974545896053314]",31.610043994322385
"[0.5462058782577515, 0.8037002682685852, -0.0029064263217151165]","[0.4896194338798523, 0.840420663356781, -0.26595473289489746]","[0.5326130986213684, 0.9413939714431763, -0.04373076558113098]",31.834423429098447
"[0.5465964078903198, 0.8035035729408264, -0.0025344558525830507]","[0.4891752302646637, 0.8402624726295471, -0.2612065076828003]","[0.5325974225997925, 0.9416734576225281, -0.04240463301539421]",32.37005676415236
"[0.5467733144760132, 0.8030443787574768, -0.002354601863771677]","[0.4890795648097992, 0.8407398462295532, -0.26032981276512146]","[0.5324700474739075, 0.9419811964035034, -0.0415140800178051]",32.554341016005154
"[0.5469355583190918, 0.8017950057983398, -0.0020649998914450407]","[0.4892888069152832, 0.8407506942749023, -0.26158401370048523]","[0.5324363112449646, 0.9426906704902649, -0.04256383329629898]",32.908296903332584
"[0.5469270944595337, 0.7995352149009705, -0.0019082350190728903]","[0.4893619418144226, 0.8407304286956787, -0.26984328031539917]","[0.53238445520401, 0.9432485103607178, -0.0521315336227417]",33.35635236037313
"[0.5468348264694214, 0.7979351282119751, -0.00175652711186558]","[0.48977938294410706, 0.8410009741783142, -0.272832453250885]","[0.532365083694458, 0.9436689019203186, -0.04996742680668831]",33.199160263554184
"[0.5458309650421143, 0.7962216138839722, -0.0016401505563408136]","[0.49021124839782715, 0.8417835235595703, -0.2738516628742218]","[0.5322974920272827, 0.9437031149864197, -0.04704637452960014]",33.16560548389252
"[0.5450655817985535, 0.7884424328804016, -0.0016365607734769583]","[0.49079981446266174, 0.8433979153633118, -0.27362382411956787]","[0.5322037935256958, 0.9437135457992554, -0.037102118134498596]",33.90773685657297
"[0.5441545844078064, 0.7775763273239136, -0.002223496325314045]","[0.49188128113746643, 0.8447704911231995, -0.28643977642059326]","[0.5321686267852783, 0.9436227679252625, -0.02980799600481987]",33.95512675315016
"[0.5435085892677307, 0.7677186727523804, -0.0024337060749530792]","[0.492791086435318, 0.8453792929649353, -0.30205345153808594]","[0.5321775674819946, 0.9426609873771667, -0.03090622089803219]",33.90902549647261
"[0.5431652665138245, 0.7608168125152588, -0.0025814452674239874]","[0.49351683259010315, 0.8451858162879944, -0.30161231756210327]","[0.5321716666221619, 0.9423957467079163, -0.031688667833805084]",35.197193360256804
"[0.5431438088417053, 0.7510684132575989, -0.0025763160083442926]","[0.49406901001930237, 0.8434275984764099, -0.3051294982433319]","[0.532159149646759, 0.9419428706169128, -0.03215020149946213]",36.45859761329679
"[0.5430856943130493, 0.7434781789779663, -0.0024266564287245274]","[0.4950154721736908, 0.8394022583961487, -0.30546966195106506]","[0.5321043133735657, 0.9417803883552551, -0.031568001955747604]",37.70679063206221
"[0.5431071519851685, 0.7318437695503235, -0.0026101244147866964]","[0.49662041664123535, 0.8362031579017639, -0.3141600787639618]","[0.5322194695472717, 0.9419589638710022, -0.04528186097741127]",39.64264945766847
"[0.5430154800415039, 0.7254326939582825, -0.002725155558437109]","[0.49773281812667847, 0.8338509202003479, -0.31566980481147766]","[0.5323458313941956, 0.9416972994804382, -0.04551268741488457]",40.53748698818732
"[0.5430237054824829, 0.7129567861557007, -0.0028007107321172953]","[0.5004858374595642, 0.829896092414856, -0.3119696080684662]","[0.5327180027961731, 0.9413806796073914, -0.04604350030422211]",43.14712296716677
"[0.5430362820625305, 0.7035300731658936, -0.002800240647047758]","[0.5018293261528015, 0.8265421986579895, -0.3007354438304901]","[0.5328903794288635, 0.9408228993415833, -0.03557802736759186]",45.43292409804182
"[0.5429382920265198, 0.695614755153656, -0.0027994585689157248]","[0.5030502080917358, 0.8221699595451355, -0.27345892786979675]","[0.5329962968826294, 0.9407449960708618, -0.02838701568543911]",50.49647763577589
"[0.543304979801178, 0.6890661120414734, -0.0028243688866496086]","[0.5053766965866089, 0.8175901174545288, -0.2393888682126999]","[0.5331354141235352, 0.9407125115394592, -0.0005444831331260502]",55.376664923711246
"[0.5434785485267639, 0.6826948523521423, -0.002625422552227974]","[0.5072283148765564, 0.8143774271011353, -0.2079579085111618]","[0.5331987142562866, 0.941480815410614, 0.016627918928861618]",61.70425818441054
"[0.5435841083526611, 0.6728590130805969, -0.0016124381218105555]","[0.5101654529571533, 0.8068706393241882, -0.20937517285346985]","[0.5333619713783264, 0.9418820738792419, 0.006661244668066502]",64.4090768887109
"[0.543592631816864, 0.667931318283081, -0.0015975587302818894]","[0.5129842162132263, 0.8069495558738708, -0.17346659302711487]","[0.5335519313812256, 0.9425923824310303, 0.0328226312994957]",71.8444586540619
"[0.5439780950546265, 0.6619636416435242, -0.0018396209925413132]","[0.5159421563148499, 0.8026736378669739, -0.16526052355766296]","[0.5336153507232666, 0.9427592158317566, 0.03151131421327591]",75.77662693474468
"[0.5441852807998657, 0.6583620309829712, -0.0021115571726113558]","[0.5174998044967651, 0.803405225276947, -0.12973806262016296]","[0.5336433053016663, 0.9427455067634583, 0.054703641682863235]",85.2275001241351
"[0.5444434881210327, 0.6534878015518188, -0.0036876224912703037]","[0.5193480253219604, 0.8042665719985962, -0.0945434495806694]","[0.5336464643478394, 0.9427267909049988, 0.07081402093172073]",98.21884214584028
"[0.5444602966308594, 0.6516498923301697, -0.003299526171758771]","[0.5198053121566772, 0.8044993281364441, -0.08376219123601913]","[0.5336021184921265, 0.9423156976699829, 0.08088357746601105]",101.48846753180962
"[0.5444493293762207, 0.6481524109840393, -0.003259063232690096]","[0.5214957594871521, 0.8042498230934143, -0.0714917778968811]","[0.5335991978645325, 0.9422393441200256, 0.07798789441585541]",108.40837444666573
"[0.5441272258758545, 0.647395133972168, -0.003398298053070903]","[0.5224368572235107, 0.8047534227371216, -0.055582188069820404]","[0.5335858464241028, 0.9416759610176086, 0.08871757239103317]",114.42404854010613
"[0.5439926981925964, 0.6467879414558411, -0.0033467381726950407]","[0.5246812105178833, 0.8047734498977661, -0.045130833983421326]","[0.5335795879364014, 0.9416342377662659, 0.08709242194890976]",120.53094947368098
"[0.5439378023147583, 0.6454185843467712, -0.0033380587119609118]","[0.5263866186141968, 0.8039549589157104, -0.041426096111536026]","[0.5335597395896912, 0.9416355490684509, 0.08274232596158981]",123.90418294006658
"[0.5438819527626038, 0.6445125341415405, -0.003606686368584633]","[0.5279185771942139, 0.8033625483512878, -0.03680259734392166]","[0.5335500836372375, 0.9422124624252319, 0.07945935428142548]",127.79695527627516
"[0.5438814163208008, 0.6444733738899231, -0.0036170005332678556]","[0.5284559726715088, 0.802697479724884, -0.03144564852118492]","[0.5335341691970825, 0.9422255158424377, 0.08625361323356628]",129.44075988986918
"[0.5438860654830933, 0.6444067358970642, -0.003553468734025955]","[0.5284725427627563, 0.8023474812507629, -0.03047608956694603]","[0.5334836840629578, 0.9422938227653503, 0.08681929111480713]",129.92031501642435
"[0.5438820123672485, 0.6442669630050659, -0.0037261832039803267]","[0.5293084979057312, 0.8022722005844116, -0.02455039694905281]","[0.5334180593490601, 0.9423080682754517, 0.08791093528270721]",133.3186705322225
"[0.5439345836639404, 0.6445247530937195, -0.0035990062169730663]","[0.5301102995872498, 0.8022756576538086, -0.017102014273405075]","[0.5334139466285706, 0.9423139095306396, 0.09523707628250122]",136.0012962902356
"[0.5439640283584595, 0.6452025771141052, -0.003438776358962059]","[0.5302210450172424, 0.8023712635040283, -0.01296872179955244]","[0.5334084033966064, 0.9425046443939209, 0.09776832163333893]",137.82846649416828
"[0.5440341234207153, 0.6454333066940308, -0.0033976540435105562]","[0.5305904150009155, 0.8024242520332336, -0.013895650394260883]","[0.5334036350250244, 0.9425057768821716, 0.09753988683223724]",137.32312575593977
"[0.5440477132797241, 0.645660400390625, -0.0033936244435608387]","[0.5308631062507629, 0.8019545078277588, -0.01346585713326931]","[0.5333755612373352, 0.9425615668296814, 0.09525035321712494]",138.26466707615035
"[0.5440776944160461, 0.645800769329071, -0.0034079886972904205]","[0.5311620831489563, 0.8014552593231201, -0.014326286502182484]","[0.533372700214386, 0.9425941705703735, 0.0934690535068512]",138.30203278599134
"[0.5440994501113892, 0.6458907723426819, -0.003428299678489566]","[0.5313084721565247, 0.8011705875396729, -0.014574363827705383]","[0.5333694219589233, 0.9426235556602478, 0.09265349805355072]",138.4252156592683
"[0.5441018342971802, 0.6460212469100952, -0.0032182163558900356]","[0.5314041972160339, 0.8009722828865051, -0.012344547547399998]","[0.5333482027053833, 0.9426508545875549, 0.09383617341518402]",139.47154406319387
"[0.5441039800643921, 0.6461195349693298, -0.003091599093750119]","[0.5314674377441406, 0.8008351922035217, -0.012034477666020393]","[0.5333287119865417, 0.9426822066307068, 0.09413188695907593]",139.57500891718914
"[0.544131338596344, 0.6461681723594666, -0.003094423795118928]","[0.5316317677497864, 0.8008591532707214, -0.014206436462700367]","[0.5333151817321777, 0.9429832100868225, 0.09224952757358551]",138.77457849334482
"[0.5441912412643433, 0.6462015509605408, -0.0030536239501088858]","[0.5319418907165527, 0.8008667230606079, -0.014001449570059776]","[0.5333112478256226, 0.9429855346679688, 0.09202267229557037]",138.9662629329857
"[0.5441941618919373, 0.6461898684501648, -0.0031339589040726423]","[0.5321842432022095, 0.8008765578269958, -0.014959065243601799]","[0.533302903175354, 0.9431222677230835, 0.09051331132650375]",138.83179591264133
"[0.5442102551460266, 0.6462010145187378, -0.0031344357412308455]","[0.5323821306228638, 0.8008772730827332, -0.013918695971369743]","[0.5332987904548645, 0.9431250691413879, 0.09047707915306091]",139.50535696722125
"[0.5442138910293579, 0.6462004780769348, -0.0031594608444720507]","[0.5324458479881287, 0.8008810877799988, -0.014295028522610664]","[0.5332959890365601, 0.9431563019752502, 0.09012074023485184]",139.3818644125925
"[0.5441985726356506, 0.6461470127105713, -0.003145141527056694]","[0.5324410796165466, 0.800823986530304, -0.014469298534095287]","[0.5332968831062317, 0.9432023763656616, 0.09012662619352341]",139.28590280648916
"[0.5442001223564148, 0.6460464596748352, -0.003144192276522517]","[0.5325543284416199, 0.8007940053939819, -0.01480491179972887]","[0.5332732796669006, 0.9432677030563354, 0.0861489549279213]",140.14840257243176
"[0.5442015528678894, 0.6460237503051758, -0.003140317276120186]","[0.5325874090194702, 0.8008003830909729, -0.015033314004540443]","[0.5332537293434143, 0.9433499574661255, 0.08580740541219711]",140.11203456600413
"[0.5442388653755188, 0.6459569931030273, -0.002841297071427107]","[0.5326255559921265, 0.8006706833839417, -0.014693823643028736]","[0.5332502126693726, 0.9433537125587463, 0.08573103696107864]",140.2623363923812
"[0.5442330837249756, 0.6459647417068481, -0.0028570007998496294]","[0.5326010584831238, 0.8006725311279297, -0.014295732602477074]","[0.5332481265068054, 0.9433580636978149, 0.08696462959051132]",140.19023487487632
"[0.5442032217979431, 0.6459649205207825, -0.0028562736697494984]","[0.5325952768325806, 0.8007316589355469, -0.014209069311618805]","[0.5332425832748413, 0.9434420466423035, 0.08717760443687439]",140.19543329441652
"[0.5441980361938477, 0.6459543108940125, -0.002846962073817849]","[0.5325890779495239, 0.8007365465164185, -0.01416644174605608]","[0.5332399010658264, 0.9434433579444885, 0.08789980411529541]",140.0276801808982
"[0.5441923141479492, 0.645953893661499, -0.0028495541773736477]","[0.5325726270675659, 0.8007789850234985, -0.014234255068004131]","[0.5332368612289429, 0.9434924721717834, 0.08783753961324692]",140.00401224660524
"[0.5441756248474121, 0.6459489464759827, -0.002846378367394209]","[0.5325708389282227, 0.8007169961929321, -0.014372850768268108]","[0.533219039440155, 0.9434984922409058, 0.08744171261787415]",140.03236974588094
"[0.5441663861274719, 0.645916759967804, -0.002851883415132761]","[0.5325669050216675, 0.8006221652030945, -0.014422096312046051]","[0.5331995487213135, 0.9434576630592346, 0.08725632727146149]",140.061439416441
"[0.5441678762435913, 0.6459146738052368, -0.0028497453313320875]","[0.532563328742981, 0.8006391525268555, -0.014834006316959858]","[0.5331963300704956, 0.943520188331604, 0.0867740660905838]",139.9377282266859
"[0.5441620349884033, 0.6459160447120667, -0.0026019378565251827]","[0.5325496196746826, 0.8006496429443359, -0.014323954470455647]","[0.5331991910934448, 0.9435151219367981, 0.0890273004770279]",139.57183480505233
"[0.5441614389419556, 0.6459128856658936, -0.0025906129740178585]","[0.5325122475624084, 0.8006078600883484, -0.014245358295738697]","[0.5331971645355225, 0.9435175657272339, 0.0896056666970253]",139.47062135628917
"[0.544144332408905, 0.6459243893623352, -0.0026241643354296684]","[0.5325313210487366, 0.8007554411888123, -0.014308201149106026]","[0.5331953167915344, 0.9435279369354248, 0.08943337202072144]",139.46858863953312
"[0.5441352725028992, 0.6459458470344543, -0.0025579093489795923]","[0.5325257778167725, 0.800752580165863, -0.013697868213057518]","[0.5331936478614807, 0.9435465335845947, 0.09018733352422714]",139.63321800842525
"[0.544128954410553, 0.6459469199180603, -0.002475263550877571]","[0.5324748754501343, 0.8008469939231873, -0.013729031197726727]","[0.5331929922103882, 0.9435561895370483, 0.09015915542840958]",139.5740076327784
"[0.5440880060195923, 0.6459481716156006, -0.002442852593958378]","[0.5324712991714478, 0.8008490800857544, -0.013694140128791332]","[0.5331937074661255, 0.9435596466064453, 0.09022953361272812]",139.56708187567844
"[0.5440860986709595, 0.6459534168243408, -0.0023564910516142845]","[0.5324686765670776, 0.800845205783844, -0.013563953340053558]","[0.5331927537918091, 0.9435876607894897, 0.09022855013608932]",139.62294529672354
"[0.5440440773963928, 0.6460322141647339, -0.0023479429073631763]","[0.5324331521987915, 0.8010684251785278, -0.013307372108101845]","[0.5331950783729553, 0.9435914158821106, 0.09065603464841843]",139.6301779082404
"[0.5440343618392944, 0.6460222601890564, -0.002348049310967326]","[0.5323847532272339, 0.8010502457618713, -0.013789971359074116]","[0.5331888198852539, 0.9436858296394348, 0.08850446343421936]",139.90919285057598
"[0.5439993143081665, 0.646022617816925, -0.0023579024709761143]","[0.5322979688644409, 0.8010498285293579, -0.013787646777927876]","[0.5331873297691345, 0.9436445832252502, 0.08866334706544876]",139.85948239166268
"[0.5439919829368591, 0.6460450291633606, -0.002341413637623191]","[0.5322449803352356, 0.8010508418083191, -0.013539304956793785]","[0.5331839323043823, 0.9436531066894531, 0.08868585526943207]",140.00060208941352
"[0.5439887046813965, 0.6460457444190979, -0.002382006961852312]","[0.5322511196136475, 0.8010156154632568, -0.01354296039789915]","[0.5331805348396301, 0.9436572790145874, 0.08870228379964828]",140.01591339968678
"[0.543986439704895, 0.6460525393486023, -0.0023568826727569103]","[0.5322490930557251, 0.8010508418083191, -0.013545851223170757]","[0.5331794619560242, 0.9438070058822632, 0.08907540142536163]",139.92929777627646
"[0.5439717769622803, 0.6460583806037903, -0.002138922456651926]","[0.5322463512420654, 0.8010556101799011, -0.013136347755789757]","[0.5331764817237854, 0.9438099265098572, 0.08949534595012665]",139.99648406192222
"[0.5439016819000244, 0.6460438370704651, -0.002056579105556011]","[0.5322605967521667, 0.8010475039482117, -0.013134367763996124]","[0.5331801176071167, 0.943795382976532, 0.08946342021226883]",139.9784839722893
"[0.5438791513442993, 0.646068274974823, -0.002059393795207143]","[0.5322365760803223, 0.801060140132904, -0.013145302422344685]","[0.533179759979248, 0.9438114166259766, 0.08959320187568665]",139.93790062706043
"[0.5438632965087891, 0.6460829973220825, -0.0020280531607568264]","[0.5322237014770508, 0.8011055588722229, -0.013050438836216927]","[0.5331799387931824, 0.9438162446022034, 0.09002421796321869]",139.86578641030832
"[0.5438545942306519, 0.6461735367774963, -0.002037087921053171]","[0.5322214961051941, 0.8011962175369263, -0.01291835866868496]","[0.5331808924674988, 0.9438925385475159, 0.09006506204605103]",139.93854267834567
"[0.5438503623008728, 0.6462116837501526, -0.0020413401070982218]","[0.5322052240371704, 0.8012221455574036, -0.012821237556636333]","[0.5331807136535645, 0.9438961744308472, 0.0909578949213028]",139.76204224649783
"[0.5438497066497803, 0.6462604999542236, -0.0020453366450965405]","[0.5322170853614807, 0.8012426495552063, -0.012772249057888985]","[0.5331805348396301, 0.9439462423324585, 0.09113000333309174]",139.75505749351257
"[0.5438395738601685, 0.6463064551353455, -0.00204981816932559]","[0.53226238489151, 0.8015263676643372, -0.01299468893557787]","[0.5331785678863525, 0.9441326260566711, 0.09096783399581909]",139.65189676662285
"[0.543836772441864, 0.6463307738304138, -0.0020480931270867586]","[0.5322619676589966, 0.8015245795249939, -0.01296989805996418]","[0.5331791639328003, 0.944122850894928, 0.09145183861255646]",139.53873429637088
"[0.5437530875205994, 0.6463903784751892, -0.002073498209938407]","[0.5321081876754761, 0.8019126057624817, -0.012861336581408978]","[0.5331801176071167, 0.9441244006156921, 0.09327460825443268]",139.07191739508093
"[0.5437504053115845, 0.646395742893219, -0.002090491820126772]","[0.532111406326294, 0.8019182682037354, -0.012850508093833923]","[0.5331759452819824, 0.9441267848014832, 0.09275589883327484]",139.2180994591587
"[0.543747067451477, 0.6464014053344727, -0.002090702299028635]","[0.5321459174156189, 0.8019378781318665, -0.012847895734012127]","[0.5331703424453735, 0.9441283345222473, 0.0933288186788559]",139.07226465175805
"[0.5437437891960144, 0.6464127898216248, -0.0021617081947624683]","[0.5321558713912964, 0.8019338250160217, -0.012801311910152435]","[0.5331681370735168, 0.9440839290618896, 0.09332071244716644]",139.1218448834486
"[0.5436688661575317, 0.6464186310768127, -0.002168454695492983]","[0.5320230722427368, 0.8026226162910461, -0.01221874263137579]","[0.5331608057022095, 0.9440338015556335, 0.10194222629070282]",137.19286585474907
"[0.5436494946479797, 0.6463895440101624, -0.002138113835826516]","[0.5320045351982117, 0.8030194640159607, -0.012181544676423073]","[0.5331351161003113, 0.9440351128578186, 0.10079045593738556]",137.41945744251652
"[0.5435937643051147, 0.6463899612426758, -0.0021362067200243473]","[0.5319306254386902, 0.8032902479171753, -0.01175188459455967]","[0.5331183671951294, 0.9440038800239563, 0.10036792606115341]",137.72856119491132
"[0.5435415506362915, 0.6463807821273804, -0.0021102705504745245]","[0.531929612159729, 0.8036929965019226, -0.011687111109495163]","[0.5331098437309265, 0.9440138339996338, 0.09997235238552094]",137.7910504820752
"[0.5435112118721008, 0.6463443040847778, -0.002107751090079546]","[0.5319176912307739, 0.8037912845611572, -0.01168111339211464]","[0.5331018567085266, 0.9440203309059143, 0.09942688792943954]",137.91500706255425
"[0.5435055494308472, 0.6461982131004333, -0.00218431418761611]","[0.5319157838821411, 0.8038117289543152, -0.011814272031188011]","[0.533082902431488, 0.9440510869026184, 0.09814660251140594]",138.18842393890247
"[0.5434486269950867, 0.6461021900177002, -0.0022758005652576685]","[0.5319145321846008, 0.8038251996040344, -0.011930866166949272]","[0.5330749154090881, 0.9440367221832275, 0.0971272885799408]",138.40608834671562
"[0.5434439182281494, 0.6461448669433594, -0.0022656007204204798]","[0.5318892002105713, 0.8038352131843567, -0.011517086997628212]","[0.5330703258514404, 0.9440478086471558, 0.09776413440704346]",138.49274867488057
"[0.5434485673904419, 0.6461827158927917, -0.002297822618857026]","[0.5318719744682312, 0.804265558719635, -0.011459625326097012]","[0.5330443382263184, 0.9440465569496155, 0.09764888137578964]",138.49219016308226
"[0.5434380173683167, 0.6462735533714294, -0.002294822596013546]","[0.5317829251289368, 0.804397702217102, -0.010833092033863068]","[0.5330168008804321, 0.944036066532135, 0.09921477735042572]",138.44681751533918
"[0.5434314012527466, 0.6462599039077759, -0.0023517815861850977]","[0.5317795872688293, 0.8043670654296875, -0.011155350133776665]","[0.5330134034156799, 0.944019079208374, 0.09883733093738556]",138.36798856210964
"[0.5434213280677795, 0.6462392210960388, -0.002100857440382242]","[0.5317130088806152, 0.8043698072433472, -0.010584404692053795]","[0.5330135822296143, 0.9439693093299866, 0.10010483115911484]",138.29380214960975
"[0.5433832406997681, 0.646228551864624, -0.0020415829494595528]","[0.5316916704177856, 0.8043264746665955, -0.01059145200997591]","[0.5330114364624023, 0.9439727067947388, 0.09924165904521942]",138.49308641636824
"[0.5433589220046997, 0.646282434463501, -0.002059043850749731]","[0.5316894054412842, 0.8043860197067261, -0.010589169338345528]","[0.5330089926719666, 0.9439576268196106, 0.09867177903652191]",138.63045204408309
"[0.5433543920516968, 0.646280825138092, -0.002099578734487295]","[0.5316880941390991, 0.8043748140335083, -0.010593526996672153]","[0.533006489276886, 0.9439159631729126, 0.0987362340092659]",138.61996646701482
"[0.543317437171936, 0.6462572813034058, -0.0021584804635494947]","[0.5316401124000549, 0.8043712973594666, -0.010631151497364044]","[0.5330042243003845, 0.943912923336029, 0.09868220239877701]",138.6301203212185
"[0.543313205242157, 0.6462575197219849, -0.002173187443986535]","[0.5316469073295593, 0.8043891191482544, -0.010894563049077988]","[0.5330089926719666, 0.9439113140106201, 0.09668652713298798]",138.97784954968023
"[0.5433098077774048, 0.646285891532898, -0.0021924758329987526]","[0.5315762162208557, 0.8043343424797058, -0.01056685857474804]","[0.5330115556716919, 0.9438492655754089, 0.09669642150402069]",139.1750029018074
"[0.5432993769645691, 0.6462140679359436, -0.0021065562032163143]","[0.5315277576446533, 0.8040544986724854, -0.010541889816522598]","[0.5330106019973755, 0.9437739253044128, 0.09444553405046463]",139.772404408911
"[0.5432661175727844, 0.646222710609436, -0.002118214499205351]","[0.5314793586730957, 0.8040068745613098, -0.01047545112669468]","[0.5329900979995728, 0.9436674118041992, 0.09474398195743561]",139.72575499623795
"[0.5432604551315308, 0.646226704120636, -0.0021081981249153614]","[0.5314516425132751, 0.8040088415145874, -0.010443723760545254]","[0.5329861044883728, 0.9437867403030396, 0.09476436674594879]",139.7576424306922
"[0.5432550311088562, 0.6462260484695435, -0.002234093379229307]","[0.531407356262207, 0.8040117621421814, -0.011052602902054787]","[0.5329878330230713, 0.9437851309776306, 0.09478593617677689]",139.41695360504298
"[0.5432511568069458, 0.6462985873222351, -0.0025231766048818827]","[0.5314047932624817, 0.8041172623634338, -0.011103019118309021]","[0.5329793691635132, 0.9437693357467651, 0.09583637118339539]",139.1965821389862
"[0.543247640132904, 0.6462821960449219, -0.002613863442093134]","[0.5314114689826965, 0.8039670586585999, -0.011134263128042221]","[0.5329804420471191, 0.9437559247016907, 0.09534579515457153]",139.36037286802292
"[0.5432444214820862, 0.6463620066642761, -0.0028112009167671204]","[0.5314050316810608, 0.803970992565155, -0.011186948046088219]","[0.5329839587211609, 0.9437546133995056, 0.0965583324432373]",139.08524695665153
"[0.5432397723197937, 0.6463493704795837, -0.0029219393618404865]","[0.5314022302627563, 0.8039553761482239, -0.011646597646176815]","[0.5329838395118713, 0.9437589645385742, 0.09442181140184402]",139.39351408392966
"[0.5432077050209045, 0.6464192867279053, -0.0029234723187983036]","[0.5313864946365356, 0.8039659857749939, -0.011258285492658615]","[0.5329845547676086, 0.9437482357025146, 0.09751587361097336]",138.8368964592106
"[0.5431525111198425, 0.64641273021698, -0.0029634088277816772]","[0.5313833951950073, 0.8039472103118896, -0.011694199405610561]","[0.5329868197441101, 0.9437601566314697, 0.09422361105680466]",139.4319819826091
"[0.5431445240974426, 0.6464186906814575, -0.002964787185192108]","[0.5313810706138611, 0.8040421009063721, -0.01144528016448021]","[0.532986044883728, 0.9437540173530579, 0.09424416720867157]",139.56328356286903
"[0.5431402921676636, 0.646419107913971, -0.0029888327699154615]","[0.5313630700111389, 0.8040245771408081, -0.01133496593683958]","[0.532974123954773, 0.9437441229820251, 0.09474144876003265]",139.5120184353329
"[0.5431102514266968, 0.6463640928268433, -0.003028762061148882]","[0.5313664674758911, 0.8039824366569519, -0.011715315282344818]","[0.5329722166061401, 0.943764328956604, 0.09429983049631119]",139.41940710363994
"[0.5431369543075562, 0.6463619470596313, -0.0030538788996636868]","[0.5313436388969421, 0.8040251135826111, -0.011699415743350983]","[0.5329746007919312, 0.9437655806541443, 0.09473457932472229]",139.31630515005043
"[0.543124794960022, 0.6463653445243835, -0.003108730772510171]","[0.5313159227371216, 0.8039786219596863, -0.011660606600344181]","[0.5329722762107849, 0.9437136054039001, 0.09484638273715973]",139.3273966351247
"[0.5431805849075317, 0.646372377872467, -0.00323244440369308]","[0.5313133001327515, 0.8041151165962219, -0.011679690331220627]","[0.5329705476760864, 0.9437255859375, 0.0956038162112236]",139.14208225522404
"[0.543219268321991, 0.646277666091919, -0.003219885053113103]","[0.5313066244125366, 0.8039318323135376, -0.01169296633452177]","[0.5329709053039551, 0.9437193274497986, 0.09561215341091156]",139.15822291565922
"[0.543245792388916, 0.6462682485580444, -0.0034679442178457975]","[0.5313163995742798, 0.8039318323135376, -0.012421222403645515]","[0.5329701900482178, 0.9437679648399353, 0.09481845796108246]",139.01202930131512
"[0.5432589650154114, 0.6462894678115845, -0.0036496934480965137]","[0.5313243269920349, 0.8040542602539062, -0.013395050540566444]","[0.5329729914665222, 0.943985641002655, 0.09416650235652924]",138.66664053403835
"[0.5432703495025635, 0.6462935209274292, -0.003672241698950529]","[0.5313106775283813, 0.804061233997345, -0.013367898762226105]","[0.5329909324645996, 0.9439869523048401, 0.0942261666059494]",138.67295257813296
"[0.5432893633842468, 0.6462953686714172, -0.003761718515306711]","[0.53130042552948, 0.8040778040885925, -0.013540002517402172]","[0.5330010652542114, 0.9440013766288757, 0.09333638101816177]",138.82485475270315
"[0.5432900786399841, 0.6462786197662354, -0.004062858875840902]","[0.531103253364563, 0.8039637804031372, -0.013735687360167503]","[0.5330149531364441, 0.9438316226005554, 0.0920272246003151]",139.1195166757886
"[0.5432757139205933, 0.6462757587432861, -0.004096832126379013]","[0.530539870262146, 0.8039539456367493, -0.014864204451441765]","[0.5330170392990112, 0.9433095455169678, 0.09312587231397629]",138.00996579623202
"[0.5432668924331665, 0.6462262868881226, -0.003995872102677822]","[0.5298504829406738, 0.8039103150367737, -0.021324969828128815]","[0.533023476600647, 0.9432409405708313, 0.08926832675933838]",134.95135039551715
"[0.5432678461074829, 0.6461817622184753, -0.0034187710843980312]","[0.5287513732910156, 0.8039007186889648, -0.026193877682089806]","[0.5330244302749634, 0.9431965351104736, 0.08883102238178253]",131.84082238700128
"[0.5432965159416199, 0.6457027792930603, -0.002284504007548094]","[0.5275995135307312, 0.8028842806816101, -0.03414895012974739]","[0.5330285429954529, 0.9430144429206848, 0.08218245208263397]",128.38988606007177
"[0.5438259840011597, 0.6466726660728455, -0.001900742412544787]","[0.5260339975357056, 0.8032917380332947, -0.04819827899336815]","[0.5330408811569214, 0.9430134296417236, 0.08343049138784409]",119.7609325885415
"[0.5440179109573364, 0.6491963863372803, -0.0013902003411203623]","[0.5240374803543091, 0.8031957149505615, -0.06354358792304993]","[0.5331562161445618, 0.9427759647369385, 0.08281633257865906]",111.14634136218979
"[0.5440909266471863, 0.650646448135376, -0.0011919665848836303]","[0.5225809812545776, 0.8036629557609558, -0.06915325671434402]","[0.5331577658653259, 0.9428378939628601, 0.07771559059619904]",108.9149593528013
"[0.5446038246154785, 0.6554669737815857, -0.0009716236963868141]","[0.5190461874008179, 0.8045703768730164, -0.09578065574169159]","[0.5331588983535767, 0.9428297877311707, 0.061752744019031525]",98.15268682075653
"[0.545056939125061, 0.6614230871200562, -0.000891259522177279]","[0.5153788328170776, 0.8052104711532593, -0.12195666134357452]","[0.5331389307975769, 0.9428272843360901, 0.056733984500169754]",86.84060830867523
"[0.5456836223602295, 0.6672254204750061, -0.00012175100710010156]","[0.5123791694641113, 0.8072627782821655, -0.1446947157382965]","[0.5332518815994263, 0.9428272843360901, 0.05091450735926628]",78.17147328770164
"[0.5464328527450562, 0.6740267872810364, 0.0005863949772901833]","[0.509865939617157, 0.8089547753334045, -0.17060711979866028]","[0.5333507061004639, 0.9422085285186768, 0.03818129748106003]",70.2052033440427
"[0.5465714335441589, 0.6813917756080627, 0.0007833805866539478]","[0.5066841840744019, 0.8129442930221558, -0.18268117308616638]","[0.53336101770401, 0.9421024918556213, 0.038950610905885696]",65.269846823407
"[0.5465554594993591, 0.6883313059806824, 0.0007881848141551018]","[0.5048434734344482, 0.8162164688110352, -0.21705889701843262]","[0.5334087610244751, 0.9419286251068115, 0.027364348992705345]",57.16593232623377
"[0.5466121435165405, 0.6933452486991882, 0.0008213589899241924]","[0.5023435950279236, 0.8184904456138611, -0.21039190888404846]","[0.5334276556968689, 0.9422100782394409, 0.033835045993328094]",56.959423849049536
"[0.546608567237854, 0.7001656889915466, 0.0008357432670891285]","[0.5010427236557007, 0.821281373500824, -0.22851338982582092]","[0.533412754535675, 0.9422257542610168, 0.026031196117401123]",52.759182651745625
"[0.5465316772460938, 0.7067693471908569, 0.0008259733440354466]","[0.4997970163822174, 0.8250728249549866, -0.24401894211769104]","[0.5334597229957581, 0.9428679347038269, 0.016759078949689865]",49.633817025907874
"[0.5461227893829346, 0.7138450741767883, 0.00019604890258051455]","[0.49918389320373535, 0.8263307809829712, -0.25597822666168213]","[0.5334889888763428, 0.9428818821907043, -0.006221141666173935]",48.235836912705295
"[0.545979917049408, 0.7249471545219421, -0.0005169493379071355]","[0.4986851215362549, 0.8270745873451233, -0.2707657516002655]","[0.5332882404327393, 0.9428682327270508, -0.026102492585778236]",45.56246632799744
"[0.5452864766120911, 0.7307810187339783, -0.0012254816247150302]","[0.49750271439552307, 0.8293806314468384, -0.2865453362464905]","[0.5330665707588196, 0.941998302936554, -0.03163972869515419]",42.48046948586877
"[0.5444405674934387, 0.7397100329399109, -0.001805050647817552]","[0.49674779176712036, 0.8349128365516663, -0.3119826316833496]","[0.5328957438468933, 0.9411476850509644, -0.03322284668684006]",37.602663682220054
"[0.5438214540481567, 0.7455360293388367, -0.002417926210910082]","[0.4961233139038086, 0.8372224569320679, -0.3042297959327698]","[0.5328791737556458, 0.941155195236206, -0.034968528896570206]",37.650292925559036
"[0.5431917905807495, 0.7567363381385803, -0.00308051286265254]","[0.49543824791908264, 0.8391999006271362, -0.2955850660800934]","[0.5328947901725769, 0.9406068921089172, -0.02567092515528202]",35.985845449724025
"[0.5421631932258606, 0.7622458338737488, -0.004308412782847881]","[0.49423322081565857, 0.8401735424995422, -0.29619330167770386]","[0.5327595472335815, 0.9405345320701599, -0.027473649010062218]",35.06736268399259
"[0.542046844959259, 0.7701664566993713, -0.004491404164582491]","[0.49334391951560974, 0.8397789001464844, -0.2892207205295563]","[0.532640814781189, 0.9411367177963257, -0.03232058882713318]",34.86930363668402
"[0.5420845150947571, 0.7780129909515381, -0.0044390051625669]","[0.49253377318382263, 0.840776264667511, -0.28136083483695984]","[0.5325133204460144, 0.9416271448135376, -0.030454859137535095]",34.243713922185854
"[0.5423972010612488, 0.785240888595581, -0.004413217771798372]","[0.49176836013793945, 0.8405133485794067, -0.27814629673957825]","[0.5324607491493225, 0.941874086856842, -0.0293959379196167]",33.157485393469024
"[0.5427990555763245, 0.7917312383651733, -0.004366016946732998]","[0.49133187532424927, 0.8407001495361328, -0.2778134047985077]","[0.5322695374488831, 0.9423084259033203, -0.030033398419618607]",32.03353768629254
"[0.5439741015434265, 0.796644926071167, -0.004280497785657644]","[0.49101749062538147, 0.840520977973938, -0.2772522568702698]","[0.5322534441947937, 0.9423518776893616, -0.039091795682907104]",31.83295857245803
"[0.5449691414833069, 0.7998148798942566, -0.0038314461708068848]","[0.48994937539100647, 0.8408405780792236, -0.2708311080932617]","[0.5321778059005737, 0.9423578381538391, -0.0365842804312706]",31.687405193271488
"[0.5454167127609253, 0.8032640218734741, -0.00381329539231956]","[0.4887356758117676, 0.8411008715629578, -0.2656697630882263]","[0.53219074010849, 0.9423502087593079, -0.037053432315588]",31.583579494679906
"[0.5460599660873413, 0.8043496012687683, -0.0036719616036862135]","[0.48863378167152405, 0.8409655690193176, -0.2650536000728607]","[0.5321800708770752, 0.9424107670783997, -0.04853684827685356]",32.47717731819942
"[0.5465450882911682, 0.8045571446418762, -0.0033805042039602995]","[0.4886927008628845, 0.840785801410675, -0.2654745876789093]","[0.5321487188339233, 0.9425693154335022, -0.050302617251873016]",32.57851315541574
"[0.5467682480812073, 0.8025846481323242, -0.003187206108123064]","[0.48888078331947327, 0.8407100439071655, -0.27013862133026123]","[0.532100260257721, 0.9428552985191345, -0.05083303526043892]",32.52224156665877
"[0.5468466877937317, 0.8005456328392029, -0.002872200682759285]","[0.48891395330429077, 0.8407753705978394, -0.2730896472930908]","[0.532098650932312, 0.9434677958488464, -0.05139334127306938]",32.7490283325106
"[0.5468345880508423, 0.7988327145576477, -0.0027320492081344128]","[0.48963648080825806, 0.8407571911811829, -0.2767772078514099]","[0.5320982933044434, 0.9437072277069092, -0.0552392415702343]",33.06170588036385
"[0.5457261800765991, 0.7967396378517151, -0.0025209495797753334]","[0.4899410605430603, 0.8424021601676941, -0.276012122631073]","[0.5321046113967896, 0.9436638355255127, -0.04547198861837387]",32.67847397829106
"[0.54515540599823, 0.7918895483016968, -0.0025081769563257694]","[0.4904792308807373, 0.8431157469749451, -0.2667698860168457]","[0.5320745706558228, 0.9434794187545776, -0.035356905311346054]",33.89579422371246
"[0.5445363521575928, 0.7829636931419373, -0.002498987130820751]","[0.4910961985588074, 0.8445165753364563, -0.2669847309589386]","[0.5320196151733398, 0.9433623552322388, -0.02627100609242916]",34.93308649991003
"[0.5440025925636292, 0.7749350070953369, -0.002702551893889904]","[0.4917917251586914, 0.8455075025558472, -0.282888799905777]","[0.5320181250572205, 0.9429118037223816, -0.019887443631887436]",34.06431176952623
"[0.543502688407898, 0.7657970786094666, -0.002788619138300419]","[0.4925350248813629, 0.8455488085746765, -0.30477529764175415]","[0.5321058630943298, 0.9416395425796509, -0.02425479330122471]",33.36728767997713
"[0.5432549715042114, 0.7543907165527344, -0.0028448100201785564]","[0.49341529607772827, 0.844232439994812, -0.3194596767425537]","[0.5320752263069153, 0.9406336545944214, -0.035907186567783356]",34.29483803187037
"[0.5432128310203552, 0.7487608790397644, -0.0027575918938964605]","[0.49416786432266235, 0.8426245450973511, -0.31618767976760864]","[0.5320247411727905, 0.9410526156425476, -0.036092378199100494]",35.70169884734577
"[0.5431822538375854, 0.7352145314216614, -0.002757291542366147]","[0.49582457542419434, 0.8361528515815735, -0.3207671046257019]","[0.5319790840148926, 0.9409503936767578, -0.042688675224781036]",37.935313359632
"[0.5431469678878784, 0.7329632043838501, -0.0027132192626595497]","[0.4966309070587158, 0.8353272676467896, -0.318403959274292]","[0.5321425795555115, 0.9410428404808044, -0.04425952211022377]",38.72628676650361
"[0.5432370901107788, 0.7271211743354797, -0.0028497795574367046]","[0.49805307388305664, 0.8338037133216858, -0.3143666088581085]","[0.5321735143661499, 0.9409934282302856, -0.043147288262844086]",40.14758552153747
"[0.5429725646972656, 0.7148972153663635, -0.002989711705595255]","[0.5001814961433411, 0.8305633664131165, -0.31086310744285583]","[0.5325689911842346, 0.9410051107406616, -0.04944194108247757]",43.16547706098253
"[0.5429961085319519, 0.7070491909980774, -0.0029228217899799347]","[0.50165194272995, 0.825891375541687, -0.30995720624923706]","[0.5328343510627747, 0.940960705280304, -0.05463102459907532]",45.09362760084722
"[0.5430306792259216, 0.6975666880607605, -0.0028804701287299395]","[0.5030938386917114, 0.8196370601654053, -0.3088436722755432]","[0.5331634283065796, 0.940606951713562, -0.05770842358469963]",47.148860307568555
"[0.5430389642715454, 0.6891648769378662, -0.0028870259411633015]","[0.5047940015792847, 0.8175776600837708, -0.26166442036628723]","[0.5332727432250977, 0.9406722784042358, -0.02438347414135933]",53.41931609492677
"[0.5432634353637695, 0.6848742365837097, -0.0016349557554349303]","[0.5063206553459167, 0.8146184682846069, -0.22707240283489227]","[0.5332891941070557, 0.9408897757530212, 0.0012958032311871648]",58.417661965373746
"[0.5433281660079956, 0.6742751002311707, -0.0014169138157740235]","[0.5097364187240601, 0.8090399503707886, -0.20786671340465546]","[0.5332985520362854, 0.9412528872489929, 0.010233892127871513]",63.936991623428575
"[0.5434812903404236, 0.6705700159072876, -0.0014247820945456624]","[0.5125020146369934, 0.8065700531005859, -0.19420814514160156]","[0.5335170030593872, 0.9420296549797058, 0.017420854419469833]",67.43119205015287
"[0.5438769459724426, 0.6645122766494751, -0.001372616970911622]","[0.5158326625823975, 0.8028866052627563, -0.1576547622680664]","[0.5335184335708618, 0.942247748374939, 0.028251269832253456]",77.92558640340458
"[0.5441931486129761, 0.660088837146759, -0.0017154421657323837]","[0.5166655778884888, 0.8028687834739685, -0.14843930304050446]","[0.5335432887077332, 0.9422507882118225, 0.04686538130044937]",79.30675899494257
"[0.5445220470428467, 0.653068482875824, -0.00473750289529562]","[0.5197117924690247, 0.8021246790885925, -0.10401232540607452]","[0.5335594415664673, 0.9423093795776367, 0.05849667266011238]",96.5252418717963
"[0.5445295572280884, 0.6523644328117371, -0.0045205759815871716]","[0.5197274088859558, 0.8025720715522766, -0.0986892431974411]","[0.5335590839385986, 0.9421926736831665, 0.06510144472122192]",97.74831292542873
"[0.5445047616958618, 0.6494933366775513, -0.004435482434928417]","[0.521493673324585, 0.8034800291061401, -0.07546088844537735]","[0.5335649251937866, 0.9421369433403015, 0.07627931982278824]",106.98965999318239
"[0.5444137454032898, 0.6485043168067932, -0.004563593305647373]","[0.5224894881248474, 0.8044010400772095, -0.05589650198817253]","[0.533521831035614, 0.9420635104179382, 0.08928477764129639]",114.5137035067026
"[0.5443433523178101, 0.6470174789428711, -0.0045052687637507915]","[0.5232973098754883, 0.8039845824241638, -0.05799958109855652]","[0.533514142036438, 0.9419646859169006, 0.07963138073682785]",115.57108058744726
"[0.5441980361938477, 0.6461979150772095, -0.004323639906942844]","[0.525040864944458, 0.8037827610969543, -0.04796620458364487]","[0.5335044264793396, 0.9419182538986206, 0.08374132215976715]",120.27626429790595
"[0.5441266298294067, 0.6443871855735779, -0.004360238090157509]","[0.526354968547821, 0.802918553352356, -0.04757203534245491]","[0.5334821343421936, 0.9419176578521729, 0.07774175703525543]",122.19982521384384
"[0.5441260933876038, 0.6432390213012695, -0.004347750451415777]","[0.5280850529670715, 0.8024464845657349, -0.04027654603123665]","[0.533484697341919, 0.9420813918113708, 0.07694034278392792]",126.83573078642239
"[0.5440641641616821, 0.6437251567840576, -0.004324733279645443]","[0.5285124182701111, 0.8024395704269409, -0.02818627655506134]","[0.5334516763687134, 0.9421933889389038, 0.08963306248188019]",130.86723053900516
"[0.5440611243247986, 0.6441342830657959, -0.004301094450056553]","[0.5287683010101318, 0.8023407459259033, -0.02703283168375492]","[0.5334203839302063, 0.9422193169593811, 0.08977215737104416]",131.52335135486172
"[0.5440584421157837, 0.6442762613296509, -0.004203728400170803]","[0.5299070477485657, 0.8022854328155518, -0.020533021539449692]","[0.533416748046875, 0.9422290325164795, 0.0938761979341507]",134.45911188603725
"[0.544061541557312, 0.6446237564086914, -0.003898815019056201]","[0.5304507613182068, 0.8022992014884949, -0.013823918998241425]","[0.5334159135818481, 0.9422158598899841, 0.10228415578603745]",136.3626746349557
"[0.5440323948860168, 0.6449320912361145, -0.0035332131665199995]","[0.5307883024215698, 0.8023658990859985, -0.013538937084376812]","[0.5334017872810364, 0.9423916339874268, 0.09578932076692581]",138.04361910437103
"[0.5440245866775513, 0.6453246474266052, -0.0034472874831408262]","[0.5310001373291016, 0.802272379398346, -0.014172794297337532]","[0.5333636403083801, 0.9425466656684875, 0.09345593303442001]",138.27068520125127
"[0.5440226793289185, 0.6455145478248596, -0.0032733429688960314]","[0.5311886072158813, 0.8022661209106445, -0.013590887188911438]","[0.5333293676376343, 0.942782461643219, 0.09230975806713104]",138.91903308529925
"[0.5440361499786377, 0.6457129716873169, -0.003195767058059573]","[0.5314596891403198, 0.8019933700561523, -0.013395711779594421]","[0.533319354057312, 0.9429193735122681, 0.09131123125553131]",139.35936180169216
"[0.5440398454666138, 0.6458572149276733, -0.003108819480985403]","[0.5315245389938354, 0.8020097017288208, -0.013149112462997437]","[0.5332961678504944, 0.9431416392326355, 0.09101341664791107]",139.6011198576922
"[0.5440555214881897, 0.6459754109382629, -0.0029895412735641003]","[0.5315729379653931, 0.8019923567771912, -0.013301968574523926]","[0.5332736968994141, 0.9432164430618286, 0.09112080931663513]",139.4534866434792
"[0.544085681438446, 0.6460662484169006, -0.0028695878572762012]","[0.5318895578384399, 0.8018920421600342, -0.013135507702827454]","[0.533270537853241, 0.9432737827301025, 0.0909428671002388]",139.6098743960218
"[0.5440913438796997, 0.6460704803466797, -0.0028600292280316353]","[0.5320964455604553, 0.8018985986709595, -0.0137964878231287]","[0.5332664847373962, 0.9433212876319885, 0.09065430611371994]",139.2938574247889
"[0.5440858602523804, 0.6461021900177002, -0.0028419927693903446]","[0.5323001146316528, 0.8019713759422302, -0.012854796834290028]","[0.5332604646682739, 0.943477213382721, 0.09228841960430145]",139.4825851060201
"[0.5440787076950073, 0.6461244821548462, -0.002832977334037423]","[0.5323165655136108, 0.8019827008247375, -0.012505203485488892]","[0.533218264579773, 0.9434952139854431, 0.09305264800786972]",139.5032977477446
"[0.5440231561660767, 0.646148145198822, -0.0028668928425759077]","[0.5323874354362488, 0.8020786046981812, -0.013132939115166664]","[0.5332042574882507, 0.9435005784034729, 0.09299790859222412]",139.132042014943
"[0.5440205931663513, 0.6460649371147156, -0.0028041545301675797]","[0.5325409770011902, 0.8020361065864563, -0.012923340313136578]","[0.5331886410713196, 0.9435043931007385, 0.09286751598119736]",139.29464827107165
"[0.543980062007904, 0.646080732345581, -0.00280628795735538]","[0.5326434969902039, 0.8020410537719727, -0.012817907147109509]","[0.5331846475601196, 0.9434987902641296, 0.09293358027935028]",139.35025302364807
"[0.5438457727432251, 0.6461092829704285, -0.0028214454650878906]","[0.5326358079910278, 0.8023690581321716, -0.013111501932144165]","[0.5331367254257202, 0.9437862634658813, 0.0928041934967041]",139.21232318844187
"[0.5438470244407654, 0.6461006999015808, -0.0026704524643719196]","[0.5326959490776062, 0.8021148443222046, -0.013003302738070488]","[0.5331311821937561, 0.9438031315803528, 0.09271937608718872]",139.29670362382583
"[0.5438143014907837, 0.6461585760116577, -0.002679153811186552]","[0.5326927900314331, 0.802415132522583, -0.012765699997544289]","[0.5331262350082397, 0.9438623189926147, 0.09316476434469223]",139.29327991098754
"[0.5438053011894226, 0.6461736559867859, -0.002677308628335595]","[0.5327074527740479, 0.8024436831474304, -0.012894662097096443]","[0.5331212282180786, 0.9439009428024292, 0.09269346296787262]",139.3379553547647
"[0.5437718629837036, 0.646221935749054, -0.0027038692496716976]","[0.5327038168907166, 0.8027747869491577, -0.013012501411139965]","[0.5331178903579712, 0.9441614747047424, 0.0926637202501297]",139.27675778151007
"[0.5437504053115845, 0.646233856678009, -0.0027216551825404167]","[0.5327009558677673, 0.8027989268302917, -0.01306383777409792]","[0.5330897569656372, 0.9442585706710815, 0.09142369776964188]",139.58879882538616
"[0.5437324643135071, 0.6462590098381042, -0.002689105225726962]","[0.5326813459396362, 0.8027685880661011, -0.012984360568225384]","[0.533080518245697, 0.9442638754844666, 0.09177111834287643]",139.5410708111955
"[0.5437270402908325, 0.6463178992271423, -0.0026839985512197018]","[0.5326963663101196, 0.8028351068496704, -0.013107565231621265]","[0.5330803394317627, 0.9444082379341125, 0.09157246351242065]",139.53059002024605
"[0.5437100529670715, 0.6463470458984375, -0.0027001395355910063]","[0.5326881408691406, 0.8028889894485474, -0.013159175403416157]","[0.533077597618103, 0.9444395303726196, 0.0914510115981102]",139.53229498837865
"[0.5437044501304626, 0.6463590860366821, -0.0026989206671714783]","[0.5327000617980957, 0.802960991859436, -0.013185204938054085]","[0.5330754518508911, 0.9444430470466614, 0.0918244943022728]",139.40807967853755
"[0.5436969995498657, 0.6464889049530029, -0.002739186864346266]","[0.5326787829399109, 0.8031326532363892, -0.013207359239459038]","[0.5330739617347717, 0.9444496631622314, 0.09200064092874527]",139.33133444283266
"[0.5436932444572449, 0.6465396285057068, -0.0026489507872611284]","[0.5326958894729614, 0.8033336400985718, -0.013159235008060932]","[0.5330546498298645, 0.9444897174835205, 0.09200502187013626]",139.30225781167377
"[0.5436851382255554, 0.6465505361557007, -0.0024218247272074223]","[0.5326911211013794, 0.8033215403556824, -0.013042179867625237]","[0.5330523252487183, 0.9444973468780518, 0.09156018495559692]",139.41172209774686
"[0.5436901450157166, 0.6465579867362976, -0.0024999785237014294]","[0.532699465751648, 0.8034343123435974, -0.013213838450610638]","[0.5330504179000854, 0.9445040225982666, 0.09155873209238052]",139.3164262590833
"[0.5437004566192627, 0.6465977430343628, -0.002530175494030118]","[0.5326984524726868, 0.8034390807151794, -0.013215320184826851]","[0.5330511927604675, 0.9445087909698486, 0.09023239463567734]",139.6716456346193
"[0.5436988472938538, 0.646613359451294, -0.0025300842244178057]","[0.5327332615852356, 0.8035116791725159, -0.013222694396972656]","[0.5330529808998108, 0.9445921182632446, 0.09057173877954483]",139.58395323003887
"[0.5436612367630005, 0.646659791469574, -0.002538320142775774]","[0.5327227711677551, 0.8036958575248718, -0.013189256191253662]","[0.5330536961555481, 0.944598376750946, 0.09068663418292999]",139.5474479719884
"[0.5436602234840393, 0.646822988986969, -0.002526358002796769]","[0.5326870679855347, 0.8042647242546082, -0.012081218883395195]","[0.5330061316490173, 0.9445784687995911, 0.10447011888027191]",136.65522490823292
"[0.5436540246009827, 0.6468333005905151, -0.0024757462088018656]","[0.5324553847312927, 0.8043791651725769, -0.011957362294197083]","[0.5329979658126831, 0.9444323778152466, 0.10210652649402618]",137.22120375718163
"[0.5435826778411865, 0.6468116044998169, -0.0024640390183776617]","[0.5323517322540283, 0.8045517206192017, -0.011918246746063232]","[0.5329882502555847, 0.944362998008728, 0.10083997249603271]",137.5039750107066
"[0.5435591340065002, 0.6466313600540161, -0.0023760690819472075]","[0.532190203666687, 0.8045418858528137, -0.012044871225953102]","[0.5329864025115967, 0.9443218111991882, 0.10045840591192245]",137.47787217909405
"[0.5435563325881958, 0.646623969078064, -0.002280228305608034]","[0.5321369767189026, 0.8046091198921204, -0.011903796344995499]","[0.5329848527908325, 0.9442875385284424, 0.09982282668352127]",137.66476259030074
"[0.5435478091239929, 0.6466637253761292, -0.0022803086321800947]","[0.5320814847946167, 0.8049903512001038, -0.011774410493671894]","[0.5329797863960266, 0.9442803859710693, 0.09955476224422455]",137.73760847972173
"[0.5435441136360168, 0.6466601490974426, -0.0021523379255086184]","[0.5319206118583679, 0.8049237728118896, -0.011726969853043556]","[0.5329713821411133, 0.9441980719566345, 0.09935316443443298]",137.75567210567468
"[0.5435246229171753, 0.6465011835098267, -0.0021630001720041037]","[0.5319374799728394, 0.8048345446586609, -0.012436168268322945]","[0.5329596996307373, 0.9441688656806946, 0.09600000083446503]",138.18761595795903
"[0.5434793829917908, 0.6465169191360474, -0.0021391520276665688]","[0.5318827629089355, 0.8048519492149353, -0.011970138177275658]","[0.5329599976539612, 0.9440708160400391, 0.0979723259806633]",137.93959913917817
"[0.5434662103652954, 0.6465185880661011, -0.002138057490810752]","[0.5318604707717896, 0.8048833012580872, -0.011914792470633984]","[0.5329445600509644, 0.9440702795982361, 0.09802405536174774]",137.9537543565789
"[0.5434756278991699, 0.6463273167610168, -0.0021303496323525906]","[0.5318695306777954, 0.8047085404396057, -0.012186444364488125]","[0.5329394340515137, 0.94411700963974, 0.09534041583538055]",138.51060993922547
"[0.5434730648994446, 0.6463205814361572, -0.002155248075723648]","[0.5318735837936401, 0.8046534061431885, -0.012203654274344444]","[0.5329386591911316, 0.9440768957138062, 0.0952662006020546]",138.53009680225554
"[0.5434705018997192, 0.6463143229484558, -0.0021234657615423203]","[0.5318704843521118, 0.8046332597732544, -0.012232832610607147]","[0.5329371690750122, 0.9440755844116211, 0.09526046365499496]",138.5055794666947
"[0.5434505343437195, 0.646264374256134, -0.0021604266948997974]","[0.5318622589111328, 0.8046001195907593, -0.012240497395396233]","[0.5329429507255554, 0.9440025687217712, 0.09532053768634796]",138.49113690023466
"[0.5433908104896545, 0.6460793018341064, -0.0021092481911182404]","[0.5318571329116821, 0.8043985366821289, -0.01225633081048727]","[0.5329420566558838, 0.9439563155174255, 0.09527470171451569]",138.5067249992339
"[0.5433892011642456, 0.6460759043693542, -0.0020896075293421745]","[0.5318084359169006, 0.8043980002403259, -0.01210115011781454]","[0.5329431891441345, 0.9439221024513245, 0.09550652652978897]",138.5256068873114
"[0.5433427095413208, 0.6460738778114319, -0.0020801727660000324]","[0.5317866206169128, 0.8043563365936279, -0.01181153766810894]","[0.5329433083534241, 0.9437149167060852, 0.09805645048618317]",138.0188478025736
"[0.5433412790298462, 0.6460832357406616, -0.0021685243118554354]","[0.5316838622093201, 0.8042770028114319, -0.011823220178484917]","[0.5329728126525879, 0.9437035918235779, 0.09786887466907501]",138.0936004323672
"[0.543326735496521, 0.646087646484375, -0.001976961502805352]","[0.5316067934036255, 0.8041344881057739, -0.010639579966664314]","[0.5329881310462952, 0.9436078667640686, 0.09800514578819275]",138.7140394987216
"[0.5433564186096191, 0.6460784077644348, -0.0019687279127538204]","[0.5316162109375, 0.8040944337844849, -0.010500119999051094]","[0.532991886138916, 0.9435943365097046, 0.09790071845054626]",138.82709193837562
"[0.543350338935852, 0.6459530591964722, -0.0019713693764060736]","[0.5316087007522583, 0.8039165139198303, -0.010727114975452423]","[0.5330159068107605, 0.9435923099517822, 0.09604698419570923]",139.19426528349535
"[0.543332040309906, 0.6459810137748718, -0.0020040483213961124]","[0.5316059589385986, 0.8039293885231018, -0.010507096536457539]","[0.5330328345298767, 0.9435620903968811, 0.09729059785604477]",139.01397159451184
"[0.543330192565918, 0.6459511518478394, -0.001953874249011278]","[0.5316308736801147, 0.8037738800048828, -0.010489696636795998]","[0.5330578684806824, 0.9435504078865051, 0.09667842090129852]",139.1895654715517
"[0.5433068871498108, 0.6459631323814392, -0.0019486816599965096]","[0.5316332578659058, 0.803765594959259, -0.010491076856851578]","[0.5330612063407898, 0.9435452818870544, 0.09653835743665695]",139.22377197117962
"[0.5432747006416321, 0.6459702253341675, -0.0019521049689501524]","[0.5315223336219788, 0.8037968277931213, -0.010496449656784534]","[0.5330624580383301, 0.9434767961502075, 0.09779883921146393]",138.873728755403
"[0.5432641506195068, 0.6459711194038391, -0.0019702615682035685]","[0.5315188765525818, 0.8037995100021362, -0.010528892278671265]","[0.533079206943512, 0.9434429407119751, 0.09777359664440155]",138.85904374511213
"[0.5432637333869934, 0.6460103988647461, -0.001979806926101446]","[0.5313955545425415, 0.8039824962615967, -0.010533357039093971]","[0.5330907106399536, 0.9434325098991394, 0.09902660548686981]",138.49793786873786
"[0.543256402015686, 0.6460136771202087, -0.001987399999052286]","[0.5313548445701599, 0.8039531707763672, -0.010372957214713097]","[0.5330938100814819, 0.9434261322021484, 0.09937788546085358]",138.5110503359729
"[0.5432419776916504, 0.6460089087486267, -0.0019920761696994305]","[0.5313525199890137, 0.8040137887001038, -0.01040638703852892]","[0.5331240296363831, 0.943419873714447, 0.09917538613080978]",138.5305645557288
"[0.5432470440864563, 0.6458435654640198, -0.0019907618407160044]","[0.5313356518745422, 0.8038898706436157, -0.010470682755112648]","[0.5331279039382935, 0.9432575702667236, 0.09914437681436539]",138.49032025851486
"[0.5432332158088684, 0.6456857919692993, -0.0020152998622506857]","[0.5313348174095154, 0.8038623929023743, -0.010660985484719276]","[0.5331301689147949, 0.943242073059082, 0.0974198579788208]",138.8248092281073
"[0.5432457327842712, 0.6457046270370483, -0.0020285649225115776]","[0.531314492225647, 0.8038929104804993, -0.010620368644595146]","[0.5331327319145203, 0.943236231803894, 0.09872666746377945]",138.51429506432237
"[0.5432442426681519, 0.6457142233848572, -0.0020291784312576056]","[0.5313045978546143, 0.8039265275001526, -0.01053121592849493]","[0.5331281423568726, 0.9432312250137329, 0.09875810146331787]",138.55334784318364
"[0.5432432293891907, 0.6457131505012512, -0.0020304739009588957]","[0.5312904715538025, 0.8039085865020752, -0.010532567277550697]","[0.5331343412399292, 0.943200409412384, 0.09855394810438156]",138.6003064013496
"[0.543209969997406, 0.6457584500312805, -0.002071429044008255]","[0.5312877893447876, 0.8039549589157104, -0.010613281279802322]","[0.5331464409828186, 0.943191647529602, 0.09948282688856125]",138.3214253758625
"[0.5432068109512329, 0.6457440257072449, -0.002042742446064949]","[0.5312070250511169, 0.8039466142654419, -0.010559674352407455]","[0.5331489443778992, 0.9431747198104858, 0.09925438463687897]",138.393426162459
"[0.5432057976722717, 0.6457672119140625, -0.0020470041781663895]","[0.5310989618301392, 0.803919792175293, -0.01054764911532402]","[0.5331507325172424, 0.9431349039077759, 0.0994378849864006]",138.34404426818466
"[0.5432044267654419, 0.6458133459091187, -0.0020682630129158497]","[0.5310395956039429, 0.8040582537651062, -0.010680790059268475]","[0.5331484079360962, 0.9430939555168152, 0.09983239322900772]",138.13358085170896
"[0.5432029962539673, 0.6458174586296082, -0.0020731675904244184]","[0.5310341119766235, 0.8040475845336914, -0.010650970973074436]","[0.5331472754478455, 0.9430875182151794, 0.09982150793075562]",138.15637449731432
"[0.5432044267654419, 0.6458294987678528, -0.0020279705058783293]","[0.5310300588607788, 0.8039694428443909, -0.010392379015684128]","[0.5331469774246216, 0.9430551528930664, 0.10097147524356842]",138.017236745195
"[0.5432100892066956, 0.6458226442337036, -0.002063371939584613]","[0.5310077667236328, 0.803911566734314, -0.01045897975564003]","[0.5331228971481323, 0.9430307149887085, 0.10047398507595062]",138.1179427834932
"[0.543205976486206, 0.6458229422569275, -0.002067235065624118]","[0.5310029983520508, 0.8037874102592468, -0.010366028174757957]","[0.5331239104270935, 0.9429406523704529, 0.10041815042495728]",138.19357674306235
"[0.5432063341140747, 0.645852267742157, -0.0020347454119473696]","[0.5309920310974121, 0.8038150072097778, -0.010220606811344624]","[0.5331240892410278, 0.9428967237472534, 0.10085278749465942]",138.14676069181837
"[0.5432053804397583, 0.6459062695503235, -0.002129520522430539]","[0.5309582948684692, 0.8037975430488586, -0.010210619308054447]","[0.5331372618675232, 0.9428759217262268, 0.10123243182897568]",138.08699690130845
"[0.5431873202323914, 0.6459461450576782, -0.0021132943220436573]","[0.5308963656425476, 0.803876519203186, -0.00993204303085804]","[0.533119797706604, 0.9427672028541565, 0.10252491384744644]",137.88983943273738
"[0.543157696723938, 0.6459586024284363, -0.002164501929655671]","[0.5309001207351685, 0.8037974238395691, -0.00978401955217123]","[0.5331042408943176, 0.9426412582397461, 0.10244482755661011]",138.00845258435155
"[0.5431451201438904, 0.6459313035011292, -0.002163032302632928]","[0.530887246131897, 0.8038401007652283, -0.009846793487668037]","[0.5330890417098999, 0.9426135420799255, 0.10100062936544418]",138.3159017641147
"[0.5431433916091919, 0.6460832953453064, -0.0021422822028398514]","[0.5308626890182495, 0.8038561344146729, -0.009393137879669666]","[0.5330893993377686, 0.9426018595695496, 0.10441058874130249]",137.73089833105507
"[0.5431394577026367, 0.6461108922958374, -0.0022033671848475933]","[0.5308667421340942, 0.8040786981582642, -0.009505690075457096]","[0.5330888032913208, 0.9425908923149109, 0.1042041927576065]",137.69263399244912
"[0.543150782585144, 0.6461301445960999, -0.0022427074145525694]","[0.5308682918548584, 0.8040769696235657, -0.009507432579994202]","[0.5330828428268433, 0.942581295967102, 0.10404505580663681]",137.74261200464383
"[0.5431498289108276, 0.6461331844329834, -0.002243868773803115]","[0.5308685898780823, 0.8039628267288208, -0.009379463270306587]","[0.533076822757721, 0.9425452351570129, 0.10388286411762238]",137.87388929778342
"[0.5431440472602844, 0.6461366415023804, -0.002237630309537053]","[0.530828595161438, 0.8039649128913879, -0.009243465960025787]","[0.533053994178772, 0.9424089789390564, 0.10428085178136826]",137.82634206702096
"[0.5431297421455383, 0.6462494730949402, -0.002370610600337386]","[0.5308308005332947, 0.8044039011001587, -0.00922996923327446]","[0.5330402255058289, 0.9424037337303162, 0.10461269319057465]",137.7185628038659
"[0.5431283116340637, 0.6463033556938171, -0.0023720460012555122]","[0.5308293104171753, 0.8045796751976013, -0.009274201467633247]","[0.5330362319946289, 0.9424029588699341, 0.10459759086370468]",137.66267735244938
"[0.5431380867958069, 0.6463583111763, -0.0024018993135541677]","[0.5308268666267395, 0.8046746850013733, -0.009278850629925728]","[0.5330343842506409, 0.9424332976341248, 0.10352224111557007]",137.92182609564426
"[0.543127179145813, 0.6463282108306885, -0.0024031244684010744]","[0.5308294296264648, 0.8046664595603943, -0.009276168420910835]","[0.5330302715301514, 0.9424299597740173, 0.10217557847499847]",138.259658724755
"[0.5431413650512695, 0.6463243961334229, -0.002412059810012579]","[0.5307873487472534, 0.8046116232872009, -0.009321551769971848]","[0.5330286026000977, 0.9424265027046204, 0.10136184841394424]",138.4438990067828
"[0.5431405901908875, 0.6462568044662476, -0.002413608133792877]","[0.5307751893997192, 0.8046002984046936, -0.009327867068350315]","[0.533026933670044, 0.9424293041229248, 0.1013687252998352]",138.44190324635105
"[0.5431505441665649, 0.646246075630188, -0.0024113929830491543]","[0.5307750105857849, 0.8045565485954285, -0.00932400207966566]","[0.5330253839492798, 0.9423971176147461, 0.1013442873954773]",138.45095712368806
"[0.5431881546974182, 0.6462385654449463, -0.0026255964767187834]","[0.5308530330657959, 0.8044236898422241, -0.009481096640229225]","[0.5330259799957275, 0.9424011707305908, 0.10070544481277466]",138.6222285479505
"[0.5432547330856323, 0.6462452411651611, -0.0027935882098972797]","[0.5308798551559448, 0.8044220209121704, -0.010257837362587452]","[0.5330228209495544, 0.9424275159835815, 0.10032331943511963]",138.31048846036802
"[0.5433012247085571, 0.6463425159454346, -0.003347850637510419]","[0.5307661294937134, 0.8044315576553345, -0.011461769230663776]","[0.5330100059509277, 0.9424648284912109, 0.09884393960237503]",138.140148683845
"[0.5433329939842224, 0.646528422832489, -0.003703782334923744]","[0.5307979583740234, 0.8046465516090393, -0.011630519293248653]","[0.533025860786438, 0.9425381422042847, 0.09887899458408356]",138.12890527157757
"[0.5434249043464661, 0.6465297937393188, -0.00403367867693305]","[0.5308043360710144, 0.8046161532402039, -0.012688519433140755]","[0.5330232381820679, 0.9425685405731201, 0.0960753932595253]",138.31662893365066
"[0.543431282043457, 0.6465198993682861, -0.004182493779808283]","[0.5307437777519226, 0.8045963644981384, -0.012853756546974182]","[0.533026397228241, 0.9425546526908875, 0.09545035660266876]",138.42300110101792
"[0.543383002281189, 0.6465137004852295, -0.00436756107956171]","[0.5305556058883667, 0.8044953942298889, -0.013922629877924919]","[0.5330414175987244, 0.9424425959587097, 0.09453984349966049]",138.04748694124206
"[0.5433719158172607, 0.6466009020805359, -0.004456636030226946]","[0.5300758481025696, 0.8048120737075806, -0.015381820499897003]","[0.5330404043197632, 0.9424211978912354, 0.09614809602499008]",136.6855305283374
"[0.5433711409568787, 0.6465778946876526, -0.004141467623412609]","[0.5290636420249939, 0.8046525120735168, -0.020047275349497795]","[0.5330464243888855, 0.942186713218689, 0.09601054340600967]",133.70056924187372
"[0.543360710144043, 0.6465373635292053, -0.0037192651070654392]","[0.5280450582504272, 0.8046067357063293, -0.030832618474960327]","[0.5330435633659363, 0.942193329334259, 0.09125537425279617]",128.26954697565742
"[0.5433610677719116, 0.6464914083480835, -0.0037063141353428364]","[0.5270060300827026, 0.8047423958778381, -0.03584503009915352]","[0.5330418348312378, 0.9421929121017456, 0.08996032178401947]",125.58905446265946
"[0.5441443920135498, 0.6480712890625, -0.001988318981602788]","[0.5240708589553833, 0.8045898675918579, -0.06196650117635727]","[0.5330632925033569, 0.9420013427734375, 0.08374442160129547]",111.8338351327113
"[0.5442478060722351, 0.6503919959068298, -0.000980266253463924]","[0.5229556560516357, 0.8048162460327148, -0.06283660978078842]","[0.5330951809883118, 0.9420097470283508, 0.08459318429231644]",110.51349949716516
"[0.5447066426277161, 0.6543818116188049, -0.0009631052380427718]","[0.5209088921546936, 0.8049039840698242, -0.08523450791835785]","[0.5331035852432251, 0.9422547817230225, 0.06657850742340088]",102.2711643582649
"[0.5451677441596985, 0.6595562696456909, -0.000689206994138658]","[0.5171210765838623, 0.8052454590797424, -0.11306241899728775]","[0.5330910086631775, 0.942384660243988, 0.05523666739463806]",90.8761045930661
"[0.5452623963356018, 0.6622089147567749, -0.00048246761434711516]","[0.5163363218307495, 0.8056020140647888, -0.10437939316034317]","[0.5330909490585327, 0.9423838257789612, 0.06182482838630676]",92.7533137282302
"[0.5454537272453308, 0.6683107614517212, -0.00043924301280640066]","[0.5127309560775757, 0.8059131503105164, -0.1704283207654953]","[0.5331287384033203, 0.9418504238128662, 0.036626171320676804]",71.80701559466968
"[0.5458308458328247, 0.6750361919403076, -0.00035473762545734644]","[0.509842038154602, 0.8082404732704163, -0.18491162359714508]","[0.533237099647522, 0.9415199160575867, 0.03861766681075096]",66.15392596705505
"[0.5461782217025757, 0.6804766058921814, -0.0002682563499547541]","[0.5067862272262573, 0.8101277947425842, -0.1967851221561432]","[0.5333515405654907, 0.941502571105957, 0.03396430239081383]",62.55396150764498
"[0.5463615655899048, 0.6872936487197876, -0.00021492017549462616]","[0.5046262741088867, 0.8148098587989807, -0.21171171963214874]","[0.5333913564682007, 0.9413488507270813, 0.0345216765999794]",57.80612661658983
"[0.5464465618133545, 0.6909633278846741, 1.697242805676069e-05]","[0.5028561949729919, 0.8173633217811584, -0.21635933220386505]","[0.53348708152771, 0.9416314959526062, 0.02949472889304161]",56.5846278031873
"[0.5464456081390381, 0.6971330642700195, 1.173763484985102e-05]","[0.5017235279083252, 0.8204940557479858, -0.23119470477104187]","[0.5334981083869934, 0.9420716762542725, 0.017918338999152184]",53.59707844459804
"[0.5463696718215942, 0.7035624980926514, 9.72408179222839e-06]","[0.5003396272659302, 0.8237374424934387, -0.2457776814699173]","[0.533530592918396, 0.9427831768989563, 0.008812682703137398]",50.63741779969236
"[0.5462380647659302, 0.7117414474487305, -1.854922084021382e-05]","[0.49966779351234436, 0.826616644859314, -0.26994895935058594]","[0.5335165858268738, 0.9430080056190491, -0.016743283718824387]",47.2940932757194
"[0.5461922883987427, 0.7196656465530396, -0.0004173907800577581]","[0.4995086193084717, 0.8268787264823914, -0.27294912934303284]","[0.5334759950637817, 0.9430006146430969, -0.03142168000340462]",46.682395053197524
"[0.5458744764328003, 0.7273063659667969, -0.0007981991511769593]","[0.4992152154445648, 0.8277731537818909, -0.2887741029262543]","[0.533234715461731, 0.942997932434082, -0.036665964871644974]",43.395633547373414
"[0.5454701781272888, 0.7359164953231812, -0.0012170840054750443]","[0.4979763925075531, 0.8318135738372803, -0.30568140745162964]","[0.5329609513282776, 0.9428843259811401, -0.03793006017804146]",39.66980340391139
"[0.544764518737793, 0.7435433864593506, -0.0015015535755082965]","[0.4970932900905609, 0.8345047831535339, -0.30909186601638794]","[0.5329541563987732, 0.9426952004432678, -0.04184074327349663]",38.16945804934795
"[0.544256865978241, 0.7530787587165833, -0.002105062361806631]","[0.49584513902664185, 0.8397295475006104, -0.29121285676956177]","[0.5329704284667969, 0.9425132274627686, -0.03186344355344772]",37.91203251345553
"[0.5435388684272766, 0.7595435380935669, -0.0030554533004760742]","[0.49476248025894165, 0.8402119874954224, -0.29493921995162964]","[0.5329583883285522, 0.9414832592010498, -0.02607448771595955]",35.7258423824516
"[0.5423979759216309, 0.769079864025116, -0.004002686589956284]","[0.4934644103050232, 0.8394709229469299, -0.2938707172870636]","[0.532767117023468, 0.9414457678794861, -0.03169626370072365]",34.521271062942915
"[0.5422841906547546, 0.7753363847732544, -0.004205521661788225]","[0.4926201403141022, 0.8402937054634094, -0.2849423289299011]","[0.5327292084693909, 0.9422728419303894, -0.03184700757265091]",34.55073610089587
"[0.5423156023025513, 0.7818900942802429, -0.004170723259449005]","[0.49216222763061523, 0.8401631116867065, -0.2820305824279785]","[0.5327146649360657, 0.9425556659698486, -0.03445375710725784]",33.875906144730735
"[0.5428191423416138, 0.7888050079345703, -0.004152762703597546]","[0.49210184812545776, 0.8401357531547546, -0.2800576686859131]","[0.5323203802108765, 0.9426343441009521, -0.03305156156420708]",32.66185344191667
"[0.5428434610366821, 0.7955886125564575, -0.004182592500001192]","[0.49184030294418335, 0.840071439743042, -0.2789075970649719]","[0.5322744846343994, 0.9428182244300842, -0.03780645877122879]",31.856781858880048
"[0.5444195866584778, 0.8002488613128662, -0.0038816346786916256]","[0.4907712936401367, 0.8402754068374634, -0.2675304710865021]","[0.5322729349136353, 0.9428789019584656, -0.03591127693653107]",32.04777289581458
"[0.5446851253509521, 0.8013328313827515, -0.0038646336179226637]","[0.4897380471229553, 0.8404662609100342, -0.2635163962841034]","[0.5322726964950562, 0.9427661299705505, -0.03502960130572319]",32.1744806419146
"[0.546021044254303, 0.8037095665931702, -0.0035816903691738844]","[0.48934683203697205, 0.840093195438385, -0.26435381174087524]","[0.5322707891464233, 0.9427090883255005, -0.046498045325279236]",32.58560343130084
"[0.5466428995132446, 0.8034418225288391, -0.0032810873817652464]","[0.4893046021461487, 0.8400250673294067, -0.264305055141449]","[0.532248854637146, 0.942997395992279, -0.05045273154973984]",33.08142971202351
"[0.5468395948410034, 0.802058756351471, -0.003037650603801012]","[0.48937106132507324, 0.8405352234840393, -0.2646699547767639]","[0.5322256088256836, 0.9433469772338867, -0.047071829438209534]",33.06781282504115
"[0.5468687415122986, 0.801137387752533, -0.002875251928344369]","[0.4895262122154236, 0.8404210209846497, -0.2674374580383301]","[0.5321968197822571, 0.9436407089233398, -0.04870530962944031]",33.12932767982802
"[0.5468543767929077, 0.7990555167198181, -0.0027377246879041195]","[0.48989397287368774, 0.8403641581535339, -0.26711300015449524]","[0.5321863293647766, 0.9438694715499878, -0.04856423661112785]",33.642406013379784
"[0.5465737581253052, 0.7981547713279724, -0.0025100482162088156]","[0.49012860655784607, 0.8406005501747131, -0.27015289664268494]","[0.5321400761604309, 0.9439288377761841, -0.047863155603408813]",33.38999962133584
"[0.5457913279533386, 0.7927010655403137, -0.00238971714861691]","[0.4906821846961975, 0.8422567844390869, -0.2682686448097229]","[0.5321383476257324, 0.943941056728363, -0.04055405035614967]",34.08706719957696
"[0.5449123978614807, 0.7832377552986145, -0.002366239670664072]","[0.4915385842323303, 0.8440435528755188, -0.26828595995903015]","[0.5320960283279419, 0.9439135789871216, -0.030770614743232727]",35.18681931852429
"[0.5439417362213135, 0.7736207842826843, -0.002614957047626376]","[0.4924033582210541, 0.8448799848556519, -0.2874029576778412]","[0.5320531129837036, 0.9437987804412842, -0.030705507844686508]",34.711135291718264
"[0.5430672764778137, 0.764483630657196, -0.0030465354211628437]","[0.49320188164711, 0.8455458879470825, -0.2967534065246582]","[0.5320758819580078, 0.9427706599235535, -0.027176633477211]",34.894965962818794
"[0.5428701043128967, 0.7565813064575195, -0.0030090108048170805]","[0.49354657530784607, 0.8453014492988586, -0.2938355505466461]","[0.5320423245429993, 0.9425182938575745, -0.02810068055987358]",36.668132117464125
"[0.5427225232124329, 0.749710738658905, -0.002986028091982007]","[0.49435538053512573, 0.8433288335800171, -0.30903488397598267]","[0.5318963527679443, 0.942510724067688, -0.0288766510784626]",36.171300627281845
"[0.542640209197998, 0.7408308386802673, -0.0028278916142880917]","[0.49503761529922485, 0.8421412110328674, -0.31526681780815125]","[0.5318903923034668, 0.942315936088562, -0.03242425620555878]",37.14499906786219
"[0.5426515936851501, 0.7312001585960388, -0.0028533050790429115]","[0.4962032735347748, 0.8400323987007141, -0.30602604150772095]","[0.5320345759391785, 0.9423539638519287, -0.03411433845758438]",40.013439971115936
"[0.5426604747772217, 0.7184329628944397, -0.0032878119964152575]","[0.49874377250671387, 0.8362106680870056, -0.3062486946582794]","[0.5320779085159302, 0.9420653581619263, -0.03755015879869461]",42.412337464450424
"[0.5426618456840515, 0.7098007202148438, -0.003373846411705017]","[0.5011043548583984, 0.8315694332122803, -0.3044905662536621]","[0.5323057174682617, 0.9421347975730896, -0.04451976716518402]",44.73442712164031
"[0.5426731109619141, 0.7008494138717651, -0.003290510270744562]","[0.5025262236595154, 0.8250312209129333, -0.2980353534221649]","[0.5325465798377991, 0.9414778351783752, -0.04360130429267883]",47.11195715151543
"[0.5426539182662964, 0.6917340159416199, -0.0034072839189320803]","[0.504149854183197, 0.8199595808982849, -0.27705901861190796]","[0.5327528715133667, 0.9413359761238098, -0.030434217303991318]",50.961921989874554
"[0.5432577133178711, 0.6849554181098938, -0.0034153915476053953]","[0.5068861246109009, 0.8155198693275452, -0.22396743297576904]","[0.532758355140686, 0.9412409663200378, 0.009922484867274761]",58.47582685802349
"[0.5433614253997803, 0.6775929927825928, -0.002846172545105219]","[0.50981605052948, 0.811055064201355, -0.20946569740772247]","[0.5327489376068115, 0.9415152668952942, 0.011841239407658577]",62.98438010913998
"[0.5434243679046631, 0.6695197224617004, -0.002138220239430666]","[0.5127242207527161, 0.8065850138664246, -0.18467426300048828]","[0.5328499674797058, 0.9419297575950623, 0.01334785670042038]",70.82071231744234
"[0.5435057282447815, 0.6666803359985352, -0.0021522282622754574]","[0.5156371593475342, 0.8061625361442566, -0.15469467639923096]","[0.532877504825592, 0.9422716498374939, 0.03891117125749588]",77.12392673127113
"[0.5437533259391785, 0.660595178604126, -0.0022017480805516243]","[0.5177650451660156, 0.8024912476539612, -0.1476641595363617]","[0.5329639911651611, 0.9423038363456726, 0.039674729108810425]",80.63763546943336
"[0.5440149307250977, 0.6547343134880066, -0.0030033260118216276]","[0.5194017291069031, 0.8021572828292847, -0.12565824389457703]","[0.5329777598381042, 0.942459762096405, 0.04318023473024368]",89.51602331289588
"[0.5440781712532043, 0.6531626582145691, -0.003562710713595152]","[0.5198975801467896, 0.8029046654701233, -0.10679709911346436]","[0.5329810976982117, 0.9424683451652527, 0.05335276573896408]",95.95183306265419
"[0.5440593957901001, 0.6504358053207397, -0.0037862558383494616]","[0.5210443139076233, 0.8041442036628723, -0.08695851266384125]","[0.5329815149307251, 0.9424694180488586, 0.06324457377195358]",103.62615188347142
"[0.5438164472579956, 0.6486175060272217, -0.0038892515003681183]","[0.5232016444206238, 0.8048049211502075, -0.06125041842460632]","[0.5329889059066772, 0.9424882531166077, 0.07926513254642487]",113.64055524139857
"[0.5436874628067017, 0.647192120552063, -0.0038871553260833025]","[0.5238640308380127, 0.8048217296600342, -0.05948330834507942]","[0.5329760313034058, 0.9422719478607178, 0.07961404323577881]",114.6680601341123
"[0.5435806512832642, 0.6461469531059265, -0.0038509697187691927]","[0.5262546539306641, 0.8043450713157654, -0.04438523203134537]","[0.5330086946487427, 0.9422692656517029, 0.0805102288722992]",122.96898451614183
"[0.5434757471084595, 0.6454573273658752, -0.003997091669589281]","[0.5273140668869019, 0.8043526411056519, -0.0415257103741169]","[0.5330139398574829, 0.9425462484359741, 0.07946857810020447]",125.07534362446516
"[0.5434772372245789, 0.6446659564971924, -0.0038180523552000523]","[0.5277716517448425, 0.8035415410995483, -0.03754287213087082]","[0.5330308675765991, 0.9426146149635315, 0.0813223198056221]",127.07452411910693
"[0.5434750318527222, 0.6447262167930603, -0.004162725992500782]","[0.5287469625473022, 0.80356764793396, -0.025193622335791588]","[0.5330365896224976, 0.9427910447120667, 0.08788309246301651]",132.96066287697627
"[0.5434741973876953, 0.645057737827301, -0.004329988267272711]","[0.5292800664901733, 0.8036172986030579, -0.022008027881383896]","[0.5330281257629395, 0.9428446888923645, 0.08903199434280396]",134.67583113840314
"[0.5434741377830505, 0.6449423432350159, -0.004328341688960791]","[0.5300155282020569, 0.8030235767364502, -0.017534421756863594]","[0.5330342054367065, 0.9429553747177124, 0.09105606377124786]",137.05932328541593
"[0.5435656309127808, 0.6451176404953003, -0.004235211759805679]","[0.5304640531539917, 0.8030754327774048, -0.013290314003825188]","[0.5330608487129211, 0.9431354999542236, 0.09729914367198944]",138.09518678716083
"[0.5437250733375549, 0.6456643342971802, -0.003976600710302591]","[0.5308375954627991, 0.8030937910079956, -0.010988287627696991]","[0.5330662131309509, 0.9435567259788513, 0.0987943708896637]",139.1227263061439
"[0.543736457824707, 0.6461426019668579, -0.003761623054742813]","[0.5311063528060913, 0.8031993508338928, -0.010392505675554276]","[0.5330488681793213, 0.9438698291778564, 0.09759294986724854]",139.7694997278392
"[0.5438161492347717, 0.6464658379554749, -0.0036633878480643034]","[0.5312910676002502, 0.8032257556915283, -0.011816907674074173]","[0.533043622970581, 0.9441278576850891, 0.09577096253633499]",139.3727190467827
"[0.543889045715332, 0.6466605067253113, -0.003500762628391385]","[0.5314332246780396, 0.803061306476593, -0.012146169319748878]","[0.5330463647842407, 0.9442633986473083, 0.0943392664194107]",139.5351769052448
"[0.5439070463180542, 0.6468152403831482, -0.003496254328638315]","[0.5315028429031372, 0.8031030893325806, -0.013165505602955818]","[0.5330504179000854, 0.9444974064826965, 0.09306593984365463]",139.26906907012113
"[0.5439018607139587, 0.6469331979751587, -0.0034303423017263412]","[0.5315722227096558, 0.8029388189315796, -0.01273331604897976]","[0.5330520868301392, 0.9445181488990784, 0.09252246469259262]",139.68717832955113
"[0.5438926815986633, 0.6470194458961487, -0.003317817347124219]","[0.5315841436386108, 0.8028737306594849, -0.011965868063271046]","[0.5330527424812317, 0.9446009993553162, 0.0921141505241394]",140.25552826099192
"[0.5439156293869019, 0.6470826864242554, -0.003253629431128502]","[0.531732439994812, 0.8028196692466736, -0.01240447722375393]","[0.5330400466918945, 0.9446528553962708, 0.0917777344584465]",140.07559200179134
"[0.5438914895057678, 0.6470683217048645, -0.0032555717043578625]","[0.5318002104759216, 0.8026311993598938, -0.013219651766121387]","[0.5330404043197632, 0.9445638656616211, 0.0916086882352829]",139.6333315033028
"[0.5438917875289917, 0.6470901966094971, -0.003254147246479988]","[0.5317842960357666, 0.8026376962661743, -0.010647991672158241]","[0.5330408215522766, 0.9444973468780518, 0.09412305057048798]",140.5679029253062
"[0.5438810586929321, 0.6470425128936768, -0.0032519004307687283]","[0.5319881439208984, 0.8026097416877747, -0.011735371313989162]","[0.5330355763435364, 0.9444990158081055, 0.09276245534420013]",140.26487103323169
"[0.5438430309295654, 0.6470566987991333, -0.003244672669097781]","[0.5320206880569458, 0.8026036620140076, -0.012257300317287445]","[0.5330300331115723, 0.9445255398750305, 0.09202902019023895]",140.13706558113506
"[0.5438328981399536, 0.6470975875854492, -0.003397735534235835]","[0.5320678353309631, 0.8026301264762878, -0.01273684948682785]","[0.5330296158790588, 0.9445614218711853, 0.09193791449069977]",139.9227857080047
"[0.5438453555107117, 0.6471499800682068, -0.003370835678651929]","[0.5320587158203125, 0.8026336431503296, -0.0114873256534338]","[0.5330302119255066, 0.9445391297340393, 0.09241394698619843]",140.56199228772655
"[0.5438466668128967, 0.647163450717926, -0.0033688743133097887]","[0.5320535898208618, 0.8026878833770752, -0.011466532945632935]","[0.5330289602279663, 0.9445536136627197, 0.09227180480957031]",140.60423963001674
"[0.5438469648361206, 0.647114634513855, -0.003306883154436946]","[0.5321224927902222, 0.8026754260063171, -0.011755961924791336]","[0.5330278277397156, 0.9445561766624451, 0.09025357663631439]",140.93904332046606
"[0.5438644289970398, 0.6470967531204224, -0.0032523057889193296]","[0.5321252346038818, 0.8025228977203369, -0.011916199699044228]","[0.5330218076705933, 0.9445487856864929, 0.09015752375125885]",140.8681594621241
"[0.5438775420188904, 0.647100567817688, -0.0032492440659552813]","[0.5321177840232849, 0.8025211691856384, -0.011965407058596611]","[0.5330089330673218, 0.9445230960845947, 0.09012767672538757]",140.83879057528193
"[0.5438742637634277, 0.6470790505409241, -0.0032669759821146727]","[0.5321155190467834, 0.8025169372558594, -0.012025497853755951]","[0.5330080986022949, 0.9444995522499084, 0.08986368775367737]",140.87388813325876
"[0.5438748598098755, 0.6470624804496765, -0.0032916818745434284]","[0.5321128368377686, 0.8024452328681946, -0.012054558843374252]","[0.533002495765686, 0.944491982460022, 0.08960190415382385]",140.94468953339168
"[0.5438775420188904, 0.6470734477043152, -0.0032880487851798534]","[0.5320913195610046, 0.8024588227272034, -0.012073620222508907]","[0.5329890251159668, 0.9444549679756165, 0.08963639289140701]",140.9114926152282
"[0.5438490509986877, 0.6470483541488647, -0.0032278825528919697]","[0.5320848226547241, 0.8023669719696045, -0.011853591538965702]","[0.532995343208313, 0.9443640112876892, 0.08993291854858398]",140.94845475494668
"[0.5438553094863892, 0.6470565795898438, -0.0032262790482491255]","[0.5320814847946167, 0.8023765087127686, -0.011904939077794552]","[0.5329951047897339, 0.9443604946136475, 0.08995015919208527]",140.90809188597333
"[0.5438611507415771, 0.647049605846405, -0.003224733052775264]","[0.532076895236969, 0.8023738861083984, -0.011925243772566319]","[0.5329933762550354, 0.9443106055259705, 0.08985919505357742]",140.9094197385765
"[0.5438607335090637, 0.6470518708229065, -0.0032255046535283327]","[0.5320209860801697, 0.8023656606674194, -0.011852561496198177]","[0.5330016016960144, 0.9442141056060791, 0.08994138240814209]",140.91194193826234
"[0.543864369392395, 0.6470522284507751, -0.0032262199092656374]","[0.5320195555686951, 0.8023654818534851, -0.011866336688399315]","[0.5330041646957397, 0.9442137479782104, 0.08988309651613235]",140.9185426110556
"[0.5439268350601196, 0.6470856070518494, -0.003270229324698448]","[0.5319284200668335, 0.802376389503479, -0.011893339455127716]","[0.5330002903938293, 0.9441645741462708, 0.08995536714792252]",140.87706221867558
"[0.5439051389694214, 0.6470874547958374, -0.003267904045060277]","[0.5319247841835022, 0.8023614883422852, -0.012074140831828117]","[0.5329955816268921, 0.9441109895706177, 0.08967721462249756]",140.8290189411295
"[0.5438886880874634, 0.647088885307312, -0.003221274120733142]","[0.5319160223007202, 0.8022928237915039, -0.012049057520925999]","[0.5329959988594055, 0.9440891146659851, 0.08936681598424911]",140.91707747220795
