23_x,23_y,23_z,23_v,24_x,24_y,24_z,24_v,25_x,25_y,25_z,25_v,26_x,26_y,26_z,26_v,27_x,27_y,27_z,27_v,28_x,28_y,28_z,28_v,29_x,29_y,29_z,29_v,30_x,30_y,30_z,30_v,31_x,31_y,31_z,31_v,32_x,32_y,32_z,32_v,r_knee_angle,l_knee_angle,r_knee_angle_x,r_knee_angle_y,r_knee_angle_z,l_knee_angle_x,l_knee_angle_y,l_knee_angle_z,r_hip_angle_x,r_hip_angle_y,r_hip_angle_z,l_hip_angle_x,l_hip_angle_y,l_hip_angle_z,r_ankle_angle_x,r_ankle_angle_y,r_ankle_angle_z,l_ankle_angle_x,l_ankle_angle_y,l_ankle_angle_z,frame
0.5436871647834778,0.5001422166824341,0.004717367701232433,0.9997519850730896,0.41398778557777405,0.5001702308654785,-0.004739150870591402,0.999782383441925,0.5482490062713623,0.6508252620697021,-0.03400877118110657,0.9837720990180969,0.3949021100997925,0.6531413793563843,-0.08698170632123947,0.9862433075904846,0.6019638180732727,0.7913849353790283,0.03359876573085785,0.9803142547607422,0.3330603539943695,0.7920045852661133,0.005361052695661783,0.9882595539093018,0.5849205255508423,0.8120861053466797,0.02880566008388996,0.8447850942611694,0.34315264225006104,0.8085599541664124,0.004101261496543884,0.8585038185119629,0.6548808217048645,0.8352426886558533,-0.1666615605354309,0.9746564626693726,0.2659061551094055,0.8335011005401611,-0.1955476999282837,0.979874312877655,118.49879510064189,137.09338830897738,110.34651045273007,38.671664529776315,58.72242625722087,70.99712530167761,31.563197165185922,65.80569544713744,96.2711403050277,28.895254686251036,118.07983460857574,88.32048061585168,14.508772411440066,104.4069821982884,108.12548935457365,78.91662654399295,158.54921401077516,75.52654114859139,78.04497062342155,161.05779982067523,1
0.5467502474784851,0.5015560388565063,0.005932193249464035,0.9998285174369812,0.41495347023010254,0.499972939491272,-0.006005699280649424,0.99983811378479,0.5533382892608643,0.6591914296150208,-0.015448374673724174,0.984455406665802,0.39191243052482605,0.6591684818267822,-0.05991372838616371,0.9874804615974426,0.6001747250556946,0.7933331727981567,0.08699639141559601,0.9817084670066833,0.33426669239997864,0.7943764328956604,0.07362733036279678,0.9889948964118958,0.5834739804267883,0.8119760155677795,0.08630243688821793,0.8542101383209229,0.3445377051830292,0.8103922009468079,0.07678496092557907,0.8549175262451172,0.6542491912841797,0.8381131887435913,-0.11567844450473785,0.976873517036438,0.27219516038894653,0.8343284726142883,-0.12406028807163239,0.9816951155662537,117.68704054961704,133.6881204310979,106.87455014407355,47.09033377002449,47.743502241172514,74.49125266574906,40.02137822651682,54.207674674082135,97.8058863409933,20.216824467622008,108.52784167465599,87.62852398178907,8.077808163885216,97.71741076907941,107.10657543716161,79.08641719546651,159.52409842411555,75.39783065559787,77.94951949762826,160.89331010612017,10
0.5467042922973633,0.5015440583229065,0.005977993831038475,0.9998345971107483,0.4148801565170288,0.4998489320278168,-0.006049881689250469,0.9998420476913452,0.5533882975578308,0.6591852903366089,-0.015781888738274574,0.9845272898674011,0.39161616563796997,0.6594868898391724,-0.05943513661623001,0.9875466227531433,0.600196361541748,0.7934123873710632,0.08493494987487793,0.9817781448364258,0.33435574173927307,0.7945238947868347,0.07425349950790405,0.9890256524085999,0.5834693908691406,0.812023937702179,0.08388366550207138,0.8546210527420044,0.3445613980293274,0.8105328679084778,0.07735197246074677,0.8547022342681885,0.6542359590530396,0.8381832838058472,-0.11689537763595581,0.977021336555481,0.27184635400772095,0.8343063592910767,-0.12130193412303925,0.9818298816680908,117.84564769955018,134.01467610205356,106.76958957133306,47.123211765183456,47.652156736436915,74.41451654452521,39.60511292514504,54.68233188222597,97.86879730510879,20.04135900120509,108.31036680437909,87.59488458315276,8.2166859711054,97.85214736601876,107.39235988217081,79.0334599197249,159.24854801349701,75.35100699873333,77.90573488515398,160.827466629805,11
0.5465984344482422,0.5015262365341187,0.005978222470730543,0.9998401403427124,0.4148072302341461,0.4997151792049408,-0.006049506366252899,0.9998455047607422,0.5533836483955383,0.6592361330986023,-0.01845206506550312,0.9845792651176453,0.3913220763206482,0.6595057845115662,-0.057567425072193146,0.9875750541687012,0.6002013087272644,0.7935907244682312,0.08180907368659973,0.9817984700202942,0.33455681800842285,0.7946310043334961,0.07680825144052505,0.9890847206115723,0.5834164023399353,0.812225878238678,0.08061379194259644,0.8552359342575073,0.3448849320411682,0.8106984496116638,0.07985039055347443,0.8555263876914978,0.654238760471344,0.8383025527000427,-0.11887054145336151,0.9771193265914917,0.27123916149139404,0.8342618942260742,-0.11590653657913208,0.982008159160614,118.34109819440322,133.2707054867378,106.5875387032601,47.19053798701608,47.48424517339132,74.39635513419351,39.474621557544396,54.82824375277741,97.96309015238266,19.510712588621757,107.69175158682141,87.56546165412752,9.133295498706863,98.79749036591123,107.83930899190271,78.94534536194611,158.813317840893,75.27412799790065,77.85851201412152,160.7356220233415,12
0.5463634133338928,0.5010122656822205,0.00601595314219594,0.9998461008071899,0.4145824611186981,0.4987209439277649,-0.006081637926399708,0.9998498558998108,0.5533444881439209,0.6592167615890503,-0.020319543778896332,0.9843655228614807,0.39128077030181885,0.6592400074005127,-0.057950735092163086,0.987463116645813,0.6001983880996704,0.7937463521957397,0.08246085047721863,0.9814491271972656,0.3347249925136566,0.7947114706039429,0.07964707165956497,0.9889905452728271,0.5831982493400574,0.8125518560409546,0.08182451128959656,0.8540576696395874,0.34500694274902344,0.810813844203949,0.08347374200820923,0.8539984226226807,0.6544492840766907,0.8383320569992065,-0.11893663555383682,0.9768760800361633,0.2712019979953766,0.834255576133728,-0.11629783362150192,0.9819387793540955,117.69830869582715,132.09365599785966,106.32483124886109,47.678174344712495,46.853812275302246,74.53041252938861,40.018101082806915,54.189834479286276,97.8646180568897,19.50633223760462,107.73332953699658,87.50760636122637,9.771303993239345,99.44205182602927,107.62928277027656,79.13278943777983,159.09955038678254,75.26465997043458,77.93393518753655,160.77783439195375,13
0.5460278391838074,0.5006949305534363,0.0060720923356711864,0.9998512268066406,0.4141480028629303,0.4981030523777008,-0.006130760535597801,0.9998537302017212,0.5532752275466919,0.6592089533805847,-0.021843481808900833,0.9843433499336243,0.39127567410469055,0.6589785218238831,-0.05835741013288498,0.9874889850616455,0.6001219153404236,0.7938371896743774,0.08185531198978424,0.9813130497932434,0.3348675072193146,0.794712483882904,0.0822056457400322,0.9889892339706421,0.5826950669288635,0.8128220438957214,0.08108220249414444,0.8537268042564392,0.34509631991386414,0.8108430504798889,0.08623838424682617,0.853682816028595,0.6544710993766785,0.8383223414421082,-0.11933737993240356,0.9768131375312805,0.27117210626602173,0.8339969515800476,-0.11461485177278519,0.9819954037666321,117.04809208258794,131.4091535683606,106.10229256378096,48.134074169370855,46.28006254912092,74.58792000014628,40.20492227250273,53.96501790688042,97.7012054402791,19.514714483218917,107.81782552786002,87.42183360437258,10.311941924615237,99.9776131631829,107.60745705383768,79.24762823723869,159.18205439386384,75.22394221247099,77.9506991807433,160.7566010463714,14
0.545760989189148,0.5008209943771362,0.005947220604866743,0.9998549818992615,0.41370904445648193,0.4981083273887634,-0.005999796092510223,0.9998562932014465,0.5532153248786926,0.6594477295875549,-0.021960940212011337,0.9844280481338501,0.3912714719772339,0.6589669585227966,-0.05614154785871506,0.9875532388687134,0.6001201272010803,0.7940390110015869,0.08330916613340378,0.9813581109046936,0.33491307497024536,0.7947248816490173,0.0912017822265625,0.9890593886375427,0.5826730132102966,0.8130841851234436,0.08257392048835754,0.8536473512649536,0.3451312184333801,0.810907781124115,0.09567083418369293,0.8544960618019104,0.6542981863021851,0.8383562564849854,-0.11957261711359024,0.9769188761711121,0.27108168601989746,0.8338795304298401,-0.10613618046045303,0.9821707010269165,116.37170715461656,131.04853700267353,105.71124966172597,49.28579249122568,44.931499874117634,74.65009088091017,40.57256465299955,53.55113749173906,97.58526032991497,18.85498085216925,107.15672773212997,87.35012216661092,10.320691996260607,99.96749635894773,107.60304913069629,79.30930371976324,159.21984409461615,75.37798875464027,78.08297535348541,160.9654030859282,15
0.5454000234603882,0.5010392069816589,0.005350204184651375,0.9998570680618286,0.41323626041412354,0.4981170892715454,-0.005393771454691887,0.9998573064804077,0.5531221032142639,0.6596183180809021,-0.023924382403492928,0.9843424558639526,0.3912411034107208,0.6589418053627014,-0.05446842312812805,0.9874963760375977,0.6001295447349548,0.79436194896698,0.08186428248882294,0.9812370538711548,0.3349410593509674,0.7947254180908203,0.09419666230678558,0.9890372157096863,0.5826800465583801,0.8135880827903748,0.0809742659330368,0.8522929549217224,0.3451831638813019,0.8109481334686279,0.09870513528585434,0.8547607660293579,0.6538976430892944,0.8383830785751343,-0.12665200233459473,0.9768111109733582,0.27082961797714233,0.8337242603302002,-0.10251003503799438,0.9822187423706055,116.4296406591707,130.52093544987622,105.62228353061057,49.497574842717576,44.67593070787457,74.65571402271092,40.666898148966034,53.45064207920412,97.45256027334818,18.489467692539073,106.82160726574546,87.25841067206719,10.808836124086048,100.44725893998489,107.72915170562626,79.32502437829443,159.11875029311855,75.8398366594578,78.44627636968005,161.56885217585796,16
0.545179545879364,0.5014544129371643,0.004387720953673124,0.999859631061554,0.4128968119621277,0.4982094168663025,-0.00442106369882822,0.9998587965965271,0.5531162619590759,0.659856379032135,-0.025169765576720238,0.9843093752861023,0.3910622000694275,0.6589321494102478,-0.04799828678369522,0.9874898195266724,0.6001847982406616,0.7946042418479919,0.08177216351032257,0.9811267256736755,0.3351069986820221,0.7946320176124573,0.10771597921848297,0.9889853596687317,0.5829852223396301,0.8138827681541443,0.08090461790561676,0.8511183261871338,0.34534338116645813,0.8109186291694641,0.11303222924470901,0.8550046682357788,0.6531967520713806,0.8384079337120056,-0.1300738900899887,0.9766814708709717,0.27094194293022156,0.8333345055580139,-0.0871119499206543,0.9822104573249817,116.87440246324614,130.16046266290334,105.1580919359873,50.64401873039387,43.30895283061387,74.69781337853762,40.929044433545,53.157626488710235,97.46993241532353,16.870657476614188,105.03825946254007,87.18018953605777,10.935259472401597,100.55677543804573,107.90202337256065,79.31503238160103,158.9625577994996,76.23076153330872,78.6577640750557,162.015904384328,17
0.5450403690338135,0.5020670294761658,0.00199349457398057,0.9998613595962524,0.4125177562236786,0.49844056367874146,-0.0020238501019775867,0.9998597502708435,0.5530683398246765,0.6602014303207397,-0.02527730166912079,0.9844664931297302,0.39021074771881104,0.6589155197143555,-0.04388532042503357,0.9875636696815491,0.6001730561256409,0.7946358919143677,0.08153830468654633,0.9811863899230957,0.3353271186351776,0.7946189045906067,0.10363712161779404,0.9890110492706299,0.5831345319747925,0.8138774633407593,0.08067652583122253,0.8496543765068054,0.34565091133117676,0.8109263181686401,0.10811436176300049,0.8560892939567566,0.6509758234024048,0.838425874710083,-0.13057635724544525,0.9767136573791504,0.27092644572257996,0.8332483768463135,-0.09030566364526749,0.9823233485221863,118.93527897284477,130.88372898865103,105.31277139786079,49.233712915784196,44.777629598765806,74.65906846705447,40.97055596809323,53.13538370523736,97.66059710164811,16.46689565353936,104.48699937824975,87.13597826472589,10.191231110461267,99.77226254277485,108.03851548396892,79.29565179966929,158.83278100268112,76.79934751545183,78.64782677173643,162.4530257928584,18
0.5449143648147583,0.5021890997886658,0.0010859140893444419,0.9998630285263062,0.4122316837310791,0.49846792221069336,-0.0011062022531405091,0.9998610615730286,0.553068220615387,0.6604477167129517,-0.02550155483186245,0.984549343585968,0.3900067210197449,0.6589085459709167,-0.045168474316596985,0.9876144528388977,0.6001725792884827,0.7946627736091614,0.08171387761831284,0.9811875820159912,0.3354201018810272,0.7946887612342834,0.10021813213825226,0.9890456199645996,0.583342969417572,0.8138999342918396,0.08085492998361588,0.8483491539955139,0.3458150625228882,0.8112028241157532,0.10442963242530823,0.8567166328430176,0.6506212949752808,0.8384189009666443,-0.13036909699440002,0.9767057299613953,0.2706605792045593,0.8332446217536926,-0.09413954615592957,0.982410192489624,118.63068100701607,130.99175264440584,105.34427518383572,48.83583761114747,45.18762943098229,74.6657776846869,41.10567260369251,52.99251137617651,97.60845204821557,17.097430345632272,105.21820687747855,87.09128550349995,9.96643842406097,99.52424221286024,108.09888626065543,79.34141269252424,158.80468363645537,76.88594161085007,78.65064743911924,162.52180670688952,19
0.5448113083839417,0.5005794763565063,0.005315177142620087,0.9997658729553223,0.4142880141735077,0.5002729296684265,-0.005360004957765341,0.9997931718826294,0.5503796339035034,0.6564683318138123,-0.024670390412211418,0.9839622974395752,0.39463603496551514,0.6556929349899292,-0.07489211112260818,0.9865389466285706,0.6012306809425354,0.7923052906990051,0.06277935206890106,0.9807568192481995,0.33307382464408875,0.7931057810783386,0.0441555418074131,0.9884415864944458,0.5848088264465332,0.8120880722999573,0.06065501645207405,0.848138689994812,0.34279948472976685,0.8092191815376282,0.045899972319602966,0.8576277494430542,0.6543829441070557,0.8366246819496155,-0.1340029388666153,0.9752762317657471,0.2699963450431824,0.834541916847229,-0.15109120309352875,0.9802356362342834,115.7422627813508,134.44009498754505,108.70654420114296,44.28456239789151,51.668997379634504,72.52780778897527,36.67557755157505,58.91328573119429,96.58395186650345,24.934059832207257,113.93393956975049,87.99106950781622,11.069569491031062,100.88121366019563,107.537944427917,78.58283107382171,158.8666602802258,75.2377574696486,77.73319153233297,160.6240160581381,2
0.5448088049888611,0.5025192499160767,0.0009268081630580127,0.9998646974563599,0.4120047688484192,0.49903804063796997,-0.0009465101757086813,0.9998623728752136,0.5530692338943481,0.6607357859611511,-0.0250600203871727,0.9847727417945862,0.38948071002960205,0.6589896082878113,-0.04591960087418556,0.9877457022666931,0.6001705527305603,0.79469895362854,0.08232051134109497,0.9813712239265442,0.3354323208332062,0.7948176860809326,0.09988569468259811,0.9891402125358582,0.5834434628486633,0.8139083981513977,0.08133985847234726,0.8481122255325317,0.3458208441734314,0.8114665150642395,0.10407464951276779,0.8578392863273621,0.6500636339187622,0.8384866118431091,-0.12884552776813507,0.9769079089164734,0.27019184827804565,0.8332563042640686,-0.09562987089157104,0.9825917482376099,118.24982439540247,131.11104351695224,105.17535873024352,48.86312752119258,45.074802941856994,74.65876183178261,41.195332097405974,52.90384885672475,97.72004164610955,17.456231050974303,105.55826525916865,87.0507670354529,9.778678856764891,99.31499921663813,108.12930642683372,79.43610640033774,158.82887198187413,76.97365315170558,78.59066977076547,162.5487745002278,20
0.5445694327354431,0.5026729106903076,0.0009435052052140236,0.9998659491539001,0.4117235541343689,0.4994373023509979,-0.0009613133152015507,0.9998635053634644,0.553034245967865,0.6608709692955017,-0.024801159277558327,0.9850037693977356,0.3891713619232178,0.659250795841217,-0.04648122191429138,0.9879104495048523,0.6001574993133545,0.7947180867195129,0.0854991227388382,0.9815025925636292,0.33544594049453735,0.794833779335022,0.09858955442905426,0.9892086386680603,0.583448052406311,0.8139132261276245,0.08475765585899353,0.8479360938072205,0.34578391909599304,0.8114730715751648,0.10269574820995331,0.8584223389625549,0.6500794291496277,0.8385042548179626,-0.12668609619140625,0.9770246744155884,0.26982003450393677,0.8332570791244507,-0.09744828194379807,0.9826947450637817,118.15323753980299,130.49791732227476,105.13988716055938,48.767775237164315,45.15140683399996,74.79974500824024,41.86456019009094,52.14175025840951,97.72883047124103,17.634002127795593,105.75042082490712,86.97685048565172,9.720858771516243,99.23013482570238,108.18591515829378,79.4710577855965,158.79779155804852,77.02436519285742,78.64195280357578,162.62245060659197,21
0.5444601774215698,0.5027140974998474,0.0014003857504576445,0.99986732006073,0.41162243485450745,0.49963632225990295,-0.0014174625976011157,0.9998646378517151,0.5529941320419312,0.6609023809432983,-0.023580914363265038,0.9851910471916199,0.3889918625354767,0.6593193411827087,-0.04689578711986542,0.9881014227867126,0.6001211404800415,0.7947208881378174,0.08962935209274292,0.9816883206367493,0.3354540467262268,0.7948327660560608,0.09769459813833237,0.9892683625221252,0.5833595395088196,0.8139275312423706,0.08922267705202103,0.8486751914024353,0.3457329571247101,0.8114255666732788,0.10188081860542297,0.8581191301345825,0.6505125761032104,0.8384599089622498,-0.12273873388767242,0.977194607257843,0.27044424414634705,0.8332564234733582,-0.09854794293642044,0.982763946056366,118.23914764929877,130.08072255075544,105.11837399215476,48.68751216363821,45.220152379641696,74.95115267446667,42.501278592787344,51.41149273624792,97.76168117157529,17.646738601302715,105.74770803920444,86.9497246634443,9.474314706021696,98.96129275644554,108.00933140062499,79.47093988336285,158.95282356588154,76.9164060085313,78.66834403860912,162.55722122986012,22
0.5440822839736938,0.5026971101760864,0.0014208868378773332,0.9998677968978882,0.4113031327724457,0.499644935131073,-0.0014387251576408744,0.9998652338981628,0.5529316067695618,0.6609498262405396,-0.023482028394937515,0.9852104783058167,0.3889886140823364,0.6589934825897217,-0.05106082558631897,0.9881695508956909,0.6000621318817139,0.7947269678115845,0.0948086604475975,0.9816406965255737,0.3354767858982086,0.7948728799819946,0.09759827703237534,0.9892536401748657,0.5832907557487488,0.8139467835426331,0.09511132538318634,0.8478440046310425,0.3457191586494446,0.811427116394043,0.10151413083076477,0.8574028015136719,0.650696337223053,0.838354766368866,-0.11801375448703766,0.9771125912666321,0.2707260549068451,0.833254873752594,-0.10319890826940536,0.9827197194099426,116.15912689305564,128.98407393218466,104.87951893835631,49.304052520785234,44.490162654576935,75.2152997724818,43.586487167931054,50.172132640514505,97.61545534671689,18.852145521306404,107.13959944147351,86.83824150330132,9.481008616365143,98.92910172189667,107.57475904512036,79.68932731682305,159.4507610120646,76.88024345939489,78.7214948844147,162.56503206193668,23
0.5439246892929077,0.5026960968971252,0.0017719451570883393,0.9998692274093628,0.41122502088546753,0.49964639544487,-0.001791721093468368,0.999866247177124,0.5527686476707458,0.660945475101471,-0.02259521186351776,0.9852364659309387,0.38897982239723206,0.6583269834518433,-0.052897125482559204,0.9882588386535645,0.5999481081962585,0.7946820855140686,0.09435700625181198,0.9817370772361755,0.33545732498168945,0.7948668599128723,0.09553398191928864,0.9892532825469971,0.5830017924308777,0.8138395547866821,0.09444745630025864,0.8483522534370422,0.3453553318977356,0.8113213777542114,0.09976639598608017,0.856623113155365,0.6507490873336792,0.8381758332252502,-0.11673717945814133,0.9771922826766968,0.2710244357585907,0.8331314325332642,-0.10489187389612198,0.982717752456665,115.79519518625717,129.45371825751278,104.86272475038032,49.128792155605474,44.65521491910078,75.12782650195022,43.318818378832226,50.48814787449754,97.60057696258131,19.35396199761225,107.68986335192669,86.83846626507466,9.302866886115588,98.740197259771,107.52489520574605,79.69865236964536,159.49941909946946,76.73720703031215,78.67241766730322,162.42137715384035,24
0.5436148047447205,0.5027528405189514,0.0018151706317439675,0.9998703598976135,0.410971075296402,0.49966204166412354,-0.00183212012052536,0.9998673796653748,0.552602231502533,0.6609554886817932,-0.021442314609885216,0.9855262637138367,0.3880762457847595,0.6583685278892517,-0.05205824598670006,0.9885156154632568,0.5998627543449402,0.7945623397827148,0.09459209442138672,0.9820206761360168,0.3353595733642578,0.7948681116104126,0.09519529342651367,0.9894131422042847,0.5829528570175171,0.813463568687439,0.09455244988203049,0.8497163653373718,0.34522274136543274,0.8112747073173523,0.09941386431455612,0.8580432534217834,0.6507635712623596,0.8380788564682007,-0.11489788442850113,0.9774644374847412,0.2708810865879059,0.8331378698348999,-0.10411019623279572,0.9829313158988953,116.33493380223383,130.018497806995,104.71093996940635,48.887843764381,44.81890298333,75.04705038764547,43.160013198774685,50.69067029153161,97.83109248879425,19.177689061812487,107.39208606464156,86.78304839606363,8.956454668469148,98.34991548693998,107.62566962973025,79.64664758360145,159.38329652754157,76.61827732691619,78.58801496085528,162.27264308183913,25
0.5432471036911011,0.5028592944145203,0.001987168798223138,0.9998717308044434,0.4106200337409973,0.49969056248664856,-0.0019974205642938614,0.9998683929443359,0.5524918437004089,0.660937488079071,-0.020994514226913452,0.985700249671936,0.38733312487602234,0.6592970490455627,-0.05201799049973488,0.9886457920074463,0.5998286604881287,0.7945610880851746,0.09457657486200333,0.9821548461914062,0.3349961042404175,0.7949284911155701,0.09611476212739944,0.9894435405731201,0.5829548835754395,0.8134192824363708,0.09454577416181564,0.8501567244529724,0.34461697936058044,0.8112716674804688,0.10065268725156784,0.8577622175216675,0.6511402130126953,0.8380796313285828,-0.11443523317575455,0.9775480031967163,0.2710346579551697,0.8333537578582764,-0.10249435156583786,0.9829264283180237,116.16678658310167,130.23833794305688,104.60547670777248,49.19567770848955,44.46246057425153,75.00045533820541,43.06500439471158,50.81115662087758,97.9260474219997,19.07012446436009,107.22949726878194,86.68777797763622,8.906024684314836,98.25789333129103,107.54610311056862,79.56546331690045,159.40913123097607,76.48576181903256,78.5685448632148,162.1565971339482,26
0.5431188941001892,0.5032773613929749,0.002457099035382271,0.9998725056648254,0.41025838255882263,0.4999278485774994,-0.002463569864630699,0.9998689889907837,0.5525593161582947,0.6611509323120117,-0.01975802145898342,0.9858127236366272,0.38708019256591797,0.6592654585838318,-0.05204695835709572,0.9887508153915405,0.5997918844223022,0.7945435047149658,0.09644927084445953,0.9822289347648621,0.33478593826293945,0.7949312329292297,0.09680406004190445,0.9894524812698364,0.5829398036003113,0.8133665919303894,0.09648042917251587,0.8507425785064697,0.3442065119743347,0.8112307786941528,0.10157973319292068,0.8575559258460999,0.6513517498970032,0.838073194026947,-0.11208406835794449,0.9775506258010864,0.27162933349609375,0.8333590626716614,-0.10111550241708755,0.9828948378562927,116.14661907815278,130.32275069922477,104.55565190343854,49.307865061453114,44.32719829843856,75.05160865711117,43.24002351900686,50.60692272713382,97.90757462482844,18.957883768126372,107.11587167071495,86.61124509410625,8.692816675051603,97.99566720955154,107.39329883154006,79.52046119237558,159.51787700866865,76.39417262390685,78.54469662027506,162.06931148998476,27
0.5431037545204163,0.5039170384407043,0.003438909538090229,0.9998741745948792,0.4101266860961914,0.5006680488586426,-0.0034337230026721954,0.9998705387115479,0.5540509819984436,0.6610586047172546,-0.018856095150113106,0.9860775470733643,0.38591358065605164,0.6596080660820007,-0.050860218703746796,0.9889900088310242,0.599786639213562,0.794554591178894,0.09721936285495758,0.982474684715271,0.3343677520751953,0.7949331402778625,0.10151521116495132,0.9895548224449158,0.5829373002052307,0.8133659362792969,0.0971577912569046,0.852389931678772,0.3438403606414795,0.8111669421195984,0.10676264017820358,0.857936680316925,0.6520167589187622,0.838062047958374,-0.11087174713611603,0.9777154922485352,0.27166101336479187,0.833543062210083,-0.0948886051774025,0.9829790592193604,116.15131122118106,130.52994877866323,104.19433072130644,49.9270627500539,43.54168008193915,75.50442721605587,43.06279094528746,50.560312993181256,98.30541758112103,18.522453305523246,106.43548057454542,86.05433005400965,8.981814201804813,98.05587497093778,107.39465374846326,79.39301465151877,159.4468583827895,76.19673801714927,78.53651614822714,161.9093472801479,28
0.5431188941001892,0.5039235353469849,0.003570929868146777,0.9998738169670105,0.4100399315357208,0.5007206797599792,-0.003558857599273324,0.999870240688324,0.5563362240791321,0.6611167192459106,-0.018421584740281105,0.985959529876709,0.38425442576408386,0.6595555543899536,-0.052194271236658096,0.9889926910400391,0.5997896194458008,0.7945718765258789,0.09965559840202332,0.9822400808334351,0.3343096971511841,0.7952631711959839,0.09898648411035538,0.9895156025886536,0.5829347372055054,0.8133675456047058,0.0999634861946106,0.8518160581588745,0.34394508600234985,0.8116916418075562,0.1042252853512764,0.8577823042869568,0.6520812511444092,0.8380113244056702,-0.10611654072999954,0.9773979783058167,0.2702510952949524,0.8337738513946533,-0.09695155918598175,0.9828760623931885,116.13338391355722,130.45729607200624,103.81195240406846,49.557616948479534,43.72673207295616,76.29551067574059,43.31300727854649,49.9261777310483,98.82346720451271,19.115013599051146,106.81713808543013,85.23983051595084,9.270648892570124,97.93676731860721,107.78600664648438,79.41827843866189,159.1199227513558,76.03690674978915,78.43678791650507,161.7180094768954,29
0.5449659824371338,0.5006487369537354,0.005810922477394342,0.999777615070343,0.4143477976322174,0.5000303387641907,-0.00586352264508605,0.999801754951477,0.5510863065719604,0.6580207943916321,-0.019977565854787827,0.98405921459198,0.3945562541484833,0.656169593334198,-0.07126025855541229,0.9867933988571167,0.6008763909339905,0.7926685214042664,0.07007057219743729,0.9810768365859985,0.33318305015563965,0.7937357425689697,0.04972059279680252,0.9885649681091309,0.5845713019371033,0.8120893836021423,0.06813228875398636,0.8507813215255737,0.3423469066619873,0.8096565008163452,0.051884714514017105,0.8562284708023071,0.6543858647346497,0.8372111916542053,-0.12763933837413788,0.975723147392273,0.27508220076560974,0.8348976373672485,-0.14703574776649475,0.9805015325546265,116.67468200786028,135.14722733224497,108.52155522874902,44.59981899801146,51.23082305064004,72.91375645792814,37.38675430975198,57.90171357175942,96.66846403971041,23.63401196373085,112.56343466358622,87.80212923554494,9.56010846327503,99.29941327281702,106.12120840046367,78.65494673469422,160.10535446745385,75.20978628250475,77.73097257022681,160.60051596408513,3
0.5431120991706848,0.5041818022727966,0.00389635912142694,0.9998724460601807,0.4098374545574188,0.5009499192237854,-0.003870145883411169,0.9998698234558105,0.5601394772529602,0.6616746783256531,-0.013700882904231548,0.9862503409385681,0.381129652261734,0.6597099304199219,-0.0509754940867424,0.989290714263916,0.5998417139053345,0.7944536209106445,0.10241495072841644,0.9824907183647156,0.3343159854412079,0.7955647110939026,0.09277358651161194,0.9897320866584778,0.5829319953918457,0.813165009021759,0.10230231285095215,0.8542860746383667,0.345088392496109,0.8121009469032288,0.09677425026893616,0.8609403371810913,0.6527628302574158,0.8377004861831665,-0.09835606068372726,0.9775570631027222,0.269463449716568,0.8343988656997681,-0.1000419333577156,0.9831054210662842,118.19639532423294,132.70489904417465,103.31602911643076,48.05615949275665,44.98907299813379,77.31507899186568,42.7444510028489,50.04198426532439,99.83478927777881,19.16065160062027,106.27637160438893,83.86729104358629,8.83745530254969,96.33878314106454,108.24862647606228,79.19243214217738,158.59303209565383,75.55040638489662,78.23411703663677,161.20096715762082,30
0.5430318713188171,0.5052102208137512,0.005890530534088612,0.9998683333396912,0.40928083658218384,0.5025505423545837,-0.005853427108377218,0.9998672604560852,0.5680522918701172,0.6619067788124084,-0.012662114575505257,0.9866534471511841,0.3773563802242279,0.6600351929664612,-0.051416363567113876,0.9896464347839355,0.59983891248703,0.7943109273910522,0.10189821571111679,0.9828606843948364,0.3342794179916382,0.795605480670929,0.08099876344203949,0.9899928569793701,0.5827780365943909,0.8130038380622864,0.10188814252614975,0.8578152656555176,0.34563586115837097,0.8123061060905457,0.08362022042274475,0.864070475101471,0.6538150906562805,0.8373928070068359,-0.09726152569055557,0.9778061509132385,0.2692229151725769,0.8346395492553711,-0.11008584499359131,0.9833791255950928,120.9472256956713,133.07841523651172,102.8063043967296,45.76625180709325,47.0506058288132,79.71007560737935,41.921324645111575,49.92519545178161,101.0192320283382,19.456620964495645,105.83065045633415,80.98980737672335,11.242791033542044,96.6686017613149,108.44717887761759,79.05544617381723,158.34491135977356,75.16351544330037,78.20684349015762,160.87530417462747,31
0.5431637763977051,0.5060299038887024,0.008090687915682793,0.9998611211776733,0.40882033109664917,0.5047435760498047,-0.008082564920186996,0.9998610615730286,0.5784636735916138,0.6606093049049377,-0.017969530075788498,0.9870319962501526,0.3701125383377075,0.6600428819656372,-0.05740904435515404,0.9899682402610779,0.5998464226722717,0.7940235137939453,0.07684613019227982,0.9833589196205139,0.3336615264415741,0.7958505749702454,0.047306958585977554,0.9902933239936829,0.5827355980873108,0.8127792477607727,0.07370217144489288,0.8622955679893494,0.3457188308238983,0.8127064108848572,0.046454619616270065,0.8668687343597412,0.6546527743339539,0.837047278881073,-0.10988541692495346,0.9782152771949768,0.26927754282951355,0.8346763849258423,-0.14166370034217834,0.9837046265602112,126.18711162109064,135.46590854400586,101.99983052357753,39.229577558238795,53.324821596127,82.556925972918,36.07463364575189,54.94148441743511,103.36302301627714,21.985993647279713,107.12894181589229,77.30962102381616,15.846572570477218,99.33350930932046,108.45579129220262,78.99442097697285,158.3041480222193,74.0389400417028,77.53364151838164,159.53764637599036,32
0.5432026386260986,0.5085904002189636,0.008588351309299469,0.9998362064361572,0.4078163802623749,0.5078385472297668,-0.008604435250163078,0.9998385906219482,0.5890978574752808,0.6570116877555847,-0.028792504221200943,0.9872145056724548,0.35838600993156433,0.6585556268692017,-0.06186358258128166,0.990069568157196,0.6002335548400879,0.7939154505729675,0.04445181414484978,0.983638346195221,0.3337555229663849,0.7958517074584961,0.02217855490744114,0.9905006289482117,0.5827725529670715,0.812442421913147,0.03834841400384903,0.8651250600814819,0.3518340289592743,0.8136683106422424,0.018903672695159912,0.8706606030464172,0.6556287407875061,0.8364256024360657,-0.1392829865217209,0.9782764315605164,0.2673708200454712,0.8346643447875977,-0.16239462792873383,0.983871340751648,129.78027171191275,136.66756324722462,98.6991955829553,32.53258480815464,58.93083250696789,85.89774981834167,28.42020408151215,61.93146328045667,107.18311468893832,25.739395941996104,108.56073078475644,73.30819061417147,21.74266181626187,103.52906565196221,109.39045512158631,78.80724894492688,157.38203578959903,73.63059325906703,77.5096523022145,159.19122733905138,33
0.5431345105171204,0.5124058127403259,0.008901610970497131,0.9998078942298889,0.4056762754917145,0.511993944644928,-0.008882666006684303,0.9998107552528381,0.6004872918128967,0.6543787121772766,-0.05924621969461441,0.9876383543014526,0.34639519453048706,0.658563494682312,-0.055187713354825974,0.9903548359870911,0.6010823845863342,0.7932785749435425,0.010744625702500343,0.9840295314788818,0.3336540460586548,0.7955983281135559,0.03417840972542763,0.9906580448150635,0.5827719569206238,0.8115590214729309,0.004669696092605591,0.8692097663879395,0.35157471895217896,0.8131840825080872,0.03405395522713661,0.8748487234115601,0.6561097502708435,0.8360992670059204,-0.18764042854309082,0.9783617854118347,0.26406991481781006,0.8346585631370544,-0.15006771683692932,0.9838810563087463,128.1578038744865,125.08665125647333,94.45320884380185,33.374347665424295,57.002684522784136,89.7807849901903,26.744105545177213,63.256937994801895,111.09003733066693,27.16778277628811,106.32410000747134,69.98901558553027,32.10306608829413,113.99204976000235,110.27716398119331,78.78224018459544,156.58241189021442,74.82996437668261,78.25038219473043,160.63522690141838,34
0.5426845550537109,0.5150607824325562,0.008697533048689365,0.9997663497924805,0.40382614731788635,0.5144626498222351,-0.008709104731678963,0.999762237071991,0.6081355214118958,0.6474074721336365,-0.13460670411586761,0.9871828556060791,0.33375686407089233,0.6536462903022766,-0.13752411305904388,0.9900392293930054,0.6015059351921082,0.7922613024711609,-0.09552615880966187,0.9835810661315918,0.33327987790107727,0.7953958511352539,-0.07422064989805222,0.9902363419532776,0.5824488401412964,0.8104219436645508,-0.10553556680679321,0.8655633330345154,0.35208189487457275,0.8131126165390015,-0.07973899692296982,0.8758658766746521,0.654168963432312,0.8359048962593079,-0.29786381125450134,0.9775117039680481,0.2627522647380829,0.8346162438392639,-0.2493748962879181,0.9831826090812683,111.70621492865224,115.15877152201972,90.17604193382444,24.065507248008903,65.93521910480811,92.53011143109028,15.30417729507944,74.91654988905101,110.27802034550874,46.49416629962179,129.57912537737326,71.45195620464527,49.96756465181404,134.14496780126044,111.45134218212934,78.26579819392462,155.2629167936354,75.72555917482964,78.20925124114358,161.32298470543526,35
0.5392480492591858,0.5208496451377869,0.007999641820788383,0.9997254610061646,0.40151169896125793,0.5184925198554993,-0.008065355010330677,0.9997153282165527,0.6158508062362671,0.6474889516830444,-0.15178361535072327,0.9869281053543091,0.3225213587284088,0.6531124711036682,-0.1473790854215622,0.9900519251823425,0.6015222072601318,0.7916339635848999,-0.09589812904596329,0.983525812625885,0.33231085538864136,0.7945432066917419,-0.05950963869690895,0.9901171326637268,0.5800175070762634,0.8099581003189087,-0.10395397990942001,0.8645529747009277,0.35202088952064514,0.8122342824935913,-0.062421806156635284,0.878080427646637,0.6538519263267517,0.8343527913093567,-0.30581772327423096,0.9771848320960999,0.26278650760650635,0.8344059586524963,-0.2378295361995697,0.9829354286193848,99.94203098697083,104.08114485396496,86.63521137195697,32.01088211541375,58.20909144692154,95.29516694301934,21.81344179932432,68.90329447225018,112.18252522236932,49.94991111452271,131.75082429050147,69.40781980358885,54.447287679460665,137.1914807108232,110.8315306496234,78.23485989934045,155.79961313183182,76.27274149268638,78.83017586895356,162.1618098868741,36
0.5358707904815674,0.5250109434127808,0.0056174080818891525,0.9996891021728516,0.40001150965690613,0.5251797437667847,-0.005702330265194178,0.9996597766876221,0.6211607456207275,0.6461315155029297,-0.28477123379707336,0.9865230321884155,0.3169427812099457,0.6522274017333984,-0.30836328864097595,0.9898419380187988,0.6032387018203735,0.791516125202179,-0.17950834333896637,0.9831951260566711,0.33205148577690125,0.7937842011451721,-0.15818385779857635,0.989812433719635,0.5806155204772949,0.8098644614219666,-0.18275292217731476,0.8604813814163208,0.3520924150943756,0.8121346831321716,-0.15423007309436798,0.8808736205101013,0.6544811725616455,0.8345290422439575,-0.41981053352355957,0.97652667760849,0.2656092047691345,0.8344396948814392,-0.36626365780830383,0.9826517105102539,65.79763968634308,75.73792470662737,85.81292432577966,46.83692946612195,43.46904030543623,95.70204696276684,36.29541271119035,54.299311721946225,104.20163733867751,67.96194015583892,153.36474259713444,74.83302814838075,68.18902047489091,152.97234526854314,107.40025104720172,79.45642891316274,159.47682058488644,78.1453959327194,80.07046314569901,164.44234345293924,37
0.535309374332428,0.5319340229034424,0.00543690100312233,0.9996434450149536,0.3994464576244354,0.5329371690750122,-0.005506766494363546,0.9996070265769958,0.6374146938323975,0.6467030048370361,-0.3237418532371521,0.9858763813972473,0.3076317012310028,0.6523222327232361,-0.3720787465572357,0.989719808101654,0.6040178537368774,0.7917755842208862,-0.18688815832138062,0.9823057055473328,0.3320484161376953,0.7931137681007385,-0.1904737800359726,0.9894468784332275,0.5802109241485596,0.8104318380355835,-0.18733733892440796,0.8571462035179138,0.352008193731308,0.8121355772018433,-0.18384601175785065,0.8843368291854858,0.6575451493263245,0.8357570767402649,-0.4246975779533386,0.9750707745552063,0.26417338848114014,0.8338903784751892,-0.400031179189682,0.9821245074272156,55.398332551101,64.3391245683636,83.9346540019351,52.46315897939965,38.19689477887697,99.50631199809315,44.15791475831114,47.40763068219295,103.39581968063555,72.4675852241018,157.66444796364289,73.67518238669092,71.582200054473,154.9834279910126,107.6372300366116,79.51233561179451,159.30080895871848,77.51983908815514,79.77215477928853,163.75808134681776,38
0.5354014039039612,0.5390118956565857,0.0019641590770334005,0.9996134638786316,0.39953991770744324,0.539583146572113,-0.001998396823182702,0.9995759129524231,0.6453738212585449,0.6509827375411987,-0.3988876938819885,0.9858006834983826,0.29832229018211365,0.6528261303901672,-0.414718896150589,0.9900285601615906,0.6046468019485474,0.7919682860374451,-0.17677488923072815,0.9818591475486755,0.33216118812561035,0.792592465877533,-0.1788148432970047,0.9895197153091431,0.5798695683479309,0.8104039430618286,-0.1694001853466034,0.8566343784332275,0.3531584143638611,0.8118913173675537,-0.1672879159450531,0.889565110206604,0.6589955687522888,0.8359300494194031,-0.40799781680107117,0.9741489887237549,0.2593693137168884,0.8334669470787048,-0.3864218294620514,0.9821597337722778,45.6335560306671,47.29325053458427,82.96471201443326,59.60973120749174,31.36600137206281,98.80002174519024,58.021873584543606,33.45278434878342,103.30617961184839,75.07830618163972,159.79594220873742,75.19890480730571,74.92361558364668,158.61836234982837,108.98419917159096,79.47477824521398,158.09397968878466,76.99757859813248,79.51417471704231,163.1789617529446,39
0.5452906489372253,0.5009191632270813,0.0059705679304897785,0.9997895359992981,0.41436800360679626,0.500146210193634,-0.006027708295732737,0.9998105764389038,0.5518144965171814,0.6583157777786255,-0.016270870342850685,0.9841788411140442,0.3945082426071167,0.6567181348800659,-0.06594516336917877,0.9869605898857117,0.6007992029190063,0.7928963303565979,0.08050417900085449,0.9813879728317261,0.333244651556015,0.7938455939292908,0.06329257786273956,0.9886698126792908,0.5845173001289368,0.8120553493499756,0.079147569835186,0.8529620170593262,0.3421679735183716,0.8097642660140991,0.06618861109018326,0.8554224371910095,0.6543862223625183,0.8378921747207642,-0.11737211048603058,0.9761396646499634,0.275585800409317,0.8349688649177551,-0.1310749351978302,0.980741024017334,116.53502995530691,134.72000609985676,108.01060689346164,46.20559558214056,49.288252736449536,73.53702641301957,38.8673308394912,55.95239899435208,96.75595202546437,21.95714774530936,110.78883938213383,87.64985792123419,8.377260808607993,98.03630289621236,106.18399353752292,78.53379854645583,159.97986038405907,75.20759909746151,77.62057876635934,160.52543845622574,4
0.5364214181900024,0.5408085584640503,0.0016790613299235702,0.9995144009590149,0.3997530937194824,0.5421839952468872,-0.0017044167034327984,0.9995091557502747,0.6467574238777161,0.6538909077644348,-0.33946117758750916,0.9846602082252502,0.29996246099472046,0.6534589529037476,-0.3859406113624573,0.9897685647010803,0.6051365733146667,0.7917239665985107,-0.17655302584171295,0.9798944592475891,0.33278411626815796,0.7926611304283142,-0.19392868876457214,0.9891548156738281,0.5799710750579834,0.8090338110923767,-0.17391104996204376,0.852882981300354,0.3548676669597626,0.8119909763336182,-0.18576760590076447,0.8938636779785156,0.660332977771759,0.8355659246444702,-0.3949851989746094,0.9713026285171509,0.2581843137741089,0.8332139849662781,-0.3891611695289612,0.9814850687980652,51.414554262124945,56.94727389458546,82.12069210666982,54.450341943881575,36.68042500783536,101.0365400419697,50.65690323563933,41.470604421957745,104.0071915860872,74.34173807703945,158.74412099902665,72.93322996163648,72.49488010976941,155.14968998001765,110.51192223565042,79.0191691749529,156.49500351135032,76.085020853937,78.98813173033217,162.1147836771528,40
0.5365157127380371,0.5480393767356873,0.00027421818231232464,0.9994727373123169,0.39971718192100525,0.548514187335968,-0.00030463977600447834,0.9994834065437317,0.6508721709251404,0.6573158502578735,-0.4045061767101288,0.9843518733978271,0.29323601722717285,0.6584416627883911,-0.4221824109554291,0.9900701642036438,0.6055086255073547,0.7915267944335938,-0.1738438904285431,0.9792757034301758,0.33279144763946533,0.7924937009811401,-0.17779234051704407,0.9892842173576355,0.5797939896583557,0.8076171278953552,-0.16527709364891052,0.8545848727226257,0.35506972670555115,0.8118236660957336,-0.16538670659065247,0.8994576930999756,0.6613398194313049,0.835014283657074,-0.3929723799228668,0.970180094242096,0.2558315694332123,0.8324601650238037,-0.3773558735847473,0.981525719165802,42.88372253729543,44.51246005415253,81.92322406278338,61.56577433486739,29.76514808059781,99.64726486272157,60.277335488783585,31.557770778689047,103.72536760612844,75.82126476607186,160.06088894834838,74.7436462630509,75.43672809422823,158.6562865868078,110.71323443237355,79.41597996379187,156.51302700075667,75.9684171930782,79.11420325654294,162.10173874040362,41
0.5355972051620483,0.5532271862030029,-0.002966879867017269,0.9994565844535828,0.3997041583061218,0.5536291003227234,0.002944326028227806,0.9994754791259766,0.6568163633346558,0.6574192643165588,-0.42456379532814026,0.984523355960846,0.2877853810787201,0.6628316640853882,-0.4242801368236542,0.9905794262886047,0.6058745384216309,0.7909275889396667,-0.15786486864089966,0.9792726635932922,0.3327891528606415,0.792513906955719,-0.15410663187503815,0.9895948171615601,0.5794339776039124,0.8064530491828918,-0.14661100506782532,0.8598494529724121,0.3554094135761261,0.811277449131012,-0.14057737588882446,0.9052969217300415,0.6622338891029358,0.834663450717926,-0.3738276958465576,0.9697863459587097,0.25611427426338196,0.8324705362319946,-0.35124069452285767,0.981681227684021,39.55382779342982,39.87028252002083,81.45969963783693,64.6637352153377,26.934113450674513,99.6927384375179,63.816367219916295,28.182352310634002,104.24135046988668,76.11130509272583,159.8968961371571,74.40419361747877,76.6390216512513,159.23631994865718,110.86667129571144,79.30276277243814,156.3181399330914,75.65273460593086,78.91319890989604,161.72014647080474,42
0.5356706976890564,0.560286283493042,-0.003521061735227704,0.9994595646858215,0.39977824687957764,0.5605804324150085,0.0035163541324436665,0.9994906187057495,0.6608124375343323,0.6604411005973816,-0.4518328905105591,0.9850772619247437,0.2820669412612915,0.6670684814453125,-0.4695679545402527,0.9912676811218262,0.6059749126434326,0.7905505299568176,-0.1354018598794937,0.9796660542488098,0.3325083553791046,0.7925997376441956,-0.14045701920986176,0.9901169538497925,0.5784242153167725,0.8059951066970825,-0.10481028258800507,0.8674131035804749,0.3553832471370697,0.8108378052711487,-0.13512107729911804,0.9116308093070984,0.6627829670906067,0.8344519138336182,-0.36214855313301086,0.9701082706451416,0.25533977150917053,0.8336428999900818,-0.34334155917167664,0.9822198748588562,33.38217328786175,34.662808149927464,81.85051460246106,69.34241037742278,22.345922262880105,99.10591249360758,67.94520630614518,24.046733870886023,103.64425495905358,77.67823989004748,161.45213324973122,74.76103269913978,77.85635336450557,160.32644080879163,110.44571641738005,79.29277678228208,156.69320472236473,76.18141613859454,79.36320368524265,162.43066267587312,43
0.5357147455215454,0.5659797191619873,-0.004341691266745329,0.9994611144065857,0.4000808298587799,0.566495954990387,0.00434858025982976,0.9995046257972717,0.6642270088195801,0.6620945334434509,-0.5118626356124878,0.9851126074790955,0.27692723274230957,0.66889488697052,-0.5516090393066406,0.9917589426040649,0.6061685681343079,0.7906066179275513,-0.17083090543746948,0.9793907999992371,0.3315337896347046,0.7926111221313477,-0.19462601840496063,0.9904040694236755,0.5781167149543762,0.8065292835235596,-0.14794005453586578,0.8731037378311157,0.35550522804260254,0.8108216524124146,-0.17343828082084656,0.917083203792572,0.6661214828491211,0.8344553709030151,-0.4035675525665283,0.9693163633346558,0.25499027967453003,0.8341265916824341,-0.4136030673980713,0.982294499874115,29.34390052018914,31.105823537674006,81.77580198599853,71.08978130563563,20.747588947023864,99.05159978843862,69.62055882115963,22.465323935314164,102.28996368040846,79.80570282207496,163.9290587949352,76.02883723460468,79.59709301609377,162.45297161912868,108.95414968696835,79.85322662020731,158.3145315582568,75.79422832837345,79.66018150395534,162.29972962766828,44
0.5357083082199097,0.5768919587135315,-0.0043967836536467075,0.9994714260101318,0.40009456872940063,0.5760771036148071,0.004407990723848343,0.9995219111442566,0.6705315709114075,0.6658536791801453,-0.5783089995384216,0.98553466796875,0.2728845179080963,0.675499677658081,-0.5827903747558594,0.9922469854354858,0.6061747074127197,0.7910677790641785,-0.21963627636432648,0.9795709848403931,0.33144116401672363,0.7943747639656067,-0.23082369565963745,0.9907315969467163,0.5769616961479187,0.8073613047599792,-0.19616538286209106,0.8799366354942322,0.35646432638168335,0.8117796182632446,-0.20717301964759827,0.922126293182373,0.6683229804039001,0.8346148133277893,-0.4492272436618805,0.9692453145980835,0.2552351951599121,0.8347750306129456,-0.4533480107784271,0.9824909567832947,27.957087672588024,27.708265429655654,81.04259615533738,71.57368455047647,20.631259733244832,99.61487222354738,71.03643603849136,21.430812309462073,102.05712571317375,80.60394327355645,164.626108398757,76.93044530053525,81.41873758994474,164.28064720028962,108.62139881746037,80.25389230211447,158.81315587703318,75.10694134784823,79.62500757708553,161.7097884598452,45
0.5356729626655579,0.5816100239753723,-0.005122103728353977,0.9994807243347168,0.4005424678325653,0.5818641781806946,0.005142784211784601,0.9995406270027161,0.6710379123687744,0.6698821187019348,-0.570453405380249,0.9862677454948425,0.26773905754089355,0.6776534914970398,-0.5674552917480469,0.9928013682365417,0.6064707040786743,0.7913369536399841,-0.19225534796714783,0.9802171587944031,0.3312629759311676,0.7948513627052307,-0.20071709156036377,0.9912539720535278,0.5770140290260315,0.8074783682823181,-0.17027564346790314,0.8875203728675842,0.35675856471061707,0.8129251003265381,-0.17779311537742615,0.9275806546211243,0.6684524416923523,0.8345720171928406,-0.4140893220901489,0.9698249697685242,0.2545384466648102,0.8358431458473206,-0.41675612330436707,0.983157753944397,26.92385579653025,26.46461066385603,80.63099661944764,72.52185467202763,19.975817556018658,99.2325125218786,72.43426215105823,19.986338667590083,102.88486018008999,80.7442557261786,164.04116455215865,76.6898509323535,81.3656044768443,164.04710006208018,109.23472908297458,79.86255474334331,158.06775693658417,74.6639277157695,79.36877872888465,161.1877898764531,46
0.5352894067764282,0.5883257985115051,-0.005068679805845022,0.9994804859161377,0.40040409564971924,0.5883252620697021,0.005074505228549242,0.9995517730712891,0.6726123094558716,0.6723012328147888,-0.557532787322998,0.986765444278717,0.2638234496116638,0.6804481744766235,-0.5487393140792847,0.9932704567909241,0.6064811944961548,0.7924873232841492,-0.18757985532283783,0.9805272221565247,0.33051934838294983,0.7948043942451477,-0.17887456715106964,0.9916936159133911,0.5767331123352051,0.8087062239646912,-0.14185860753059387,0.8934952020645142,0.3565257787704468,0.8127451539039612,-0.1406787633895874,0.9324616193771362,0.6682377457618713,0.8351385593414307,-0.36807507276535034,0.9698161482810974,0.2545689642429352,0.836035966873169,-0.3608868420124054,0.9837055802345276,26.34398822458618,26.397242331289963,80.22511772998035,73.0762344515876,19.693665620346145,99.64855315350839,72.26575409288947,20.34481360822858,103.67305750847471,80.82572896855986,163.4336503083699,76.19361468158164,81.60864867574658,163.756162441012,112.14485433918429,78.19177957707413,154.60135599986083,71.58325376930827,77.39726644788131,157.42153859662528,47
0.5346495509147644,0.5933544635772705,-0.004428244661539793,0.999485969543457,0.39996910095214844,0.5932744145393372,0.004397576674818993,0.9995632171630859,0.6751132011413574,0.6755773425102234,-0.5404192209243774,0.9873372912406921,0.26110920310020447,0.6806576251983643,-0.535135805606842,0.9937111139297485,0.606542706489563,0.7943106889724731,-0.13964879512786865,0.9810965061187744,0.33011960983276367,0.7947924733161926,-0.14113479852676392,0.9921349287033081,0.5766621232032776,0.810065507888794,-0.10147645324468613,0.8990322947502136,0.3562048077583313,0.8125953674316406,-0.10517279803752899,0.9369528889656067,0.6680768728256226,0.8362178802490234,-0.3211480975151062,0.9703066945075989,0.2546673119068146,0.8363093733787537,-0.31655827164649963,0.9843486547470093,25.23578757041631,25.20529791140268,80.45020072193273,74.07454874741364,18.701849525826756,99.31631531908016,73.72117777732775,18.88681313537561,104.25495829072828,81.085830779025,163.08600417966284,75.47767579466714,81.55933246998842,163.1085202412864,112.71189681865064,77.7342392074093,153.85229022048648,71.71948053172768,77.66534091819001,157.69708255687786,48
0.5343806147575378,0.5987302660942078,-0.004352120216935873,0.999498188495636,0.3996868431568146,0.5991593599319458,0.0043214247561991215,0.9995799660682678,0.675811231136322,0.6760078072547913,-0.5848431587219238,0.9879541993141174,0.25645309686660767,0.6817119717597961,-0.5694643259048462,0.9941602945327759,0.6079839468002319,0.7943085432052612,-0.1281348615884781,0.9817588925361633,0.32928338646888733,0.7948083877563477,-0.13096655905246735,0.9926072955131531,0.577353835105896,0.8102630376815796,-0.09024270623922348,0.9053025245666504,0.3558829426765442,0.8123760223388672,-0.09474333375692368,0.9414873123168945,0.6688343286514282,0.8362050652503967,-0.31535595655441284,0.9709590077400208,0.2547246813774109,0.8363621830940247,-0.3140956461429596,0.9850281476974487,22.68260469318361,22.354931589270898,80.86351049344977,75.72498955045178,17.054428617612494,98.18126886650695,75.62889374833419,16.62477312662372,103.87895060380454,82.05342812391223,163.92713413523848,76.42254458969964,82.63022608118915,164.48337017684582,111.65526492649515,78.1314790936337,155.00978591037105,72.40231932546611,77.98544052898369,158.4654301273041,49
0.5460048317909241,0.501273512840271,0.006179910618811846,0.9997979998588562,0.4144969880580902,0.5002796649932861,-0.006239179987460375,0.9998170137405396,0.5521281361579895,0.658561110496521,-0.016217246651649475,0.9841670989990234,0.3943180441856384,0.6573055386543274,-0.06533784419298172,0.987004816532135,0.6005019545555115,0.7931315302848816,0.07798568159341812,0.9814488291740417,0.33351534605026245,0.7939338088035583,0.058400191366672516,0.9887241125106812,0.5841889381408691,0.8120705485343933,0.076100192964077,0.8539502024650574,0.342854768037796,0.8098899722099304,0.06027856096625328,0.8553637862205505,0.6543916463851929,0.8379636406898499,-0.11738082021474838,0.9762697815895081,0.2742267847061157,0.8349599838256836,-0.1350933164358139,0.9808696508407593,117.93928694470112,135.30118439426573,108.25533518650163,45.25913264331871,50.394963442714996,73.59112750037097,38.200191065373964,56.624781204784775,96.85808013266357,21.6875658297827,110.4702469574692,87.79280799533028,8.397471615623983,98.09816620699219,106.68596733712148,78.53999644657317,159.56371683757487,74.95180395875818,77.52617579607823,160.26135120403558,5
0.5343899726867676,0.6016133427619934,-0.004057686310261488,0.999507486820221,0.3996138870716095,0.603011429309845,0.004017984494566917,0.9995911717414856,0.6743906736373901,0.6793720722198486,-0.5452609658241272,0.9885694980621338,0.2542828917503357,0.6835317015647888,-0.4967850148677826,0.99454665184021,0.6083984375,0.7947172522544861,-0.07914768904447556,0.9823701977729797,0.32902175188064575,0.7950463891029358,-0.06548172235488892,0.9929948449134827,0.5775359272956848,0.8107307553291321,-0.04408442974090576,0.910257875919342,0.35571831464767456,0.8123600482940674,-0.03112432360649109,0.9452576041221619,0.668744683265686,0.836263120174408,-0.23564276099205017,0.971595048904419,0.2551613450050354,0.8363741040229797,-0.2096397876739502,0.9855795502662659,23.915201870116437,22.610303702781383,80.47622839950483,75.70756456856124,17.288843557620694,97.82538173625665,76.23271559807358,15.912862629614459,105.98786590777931,81.22217295551992,161.64622485110283,75.63772025088555,82.0810393518168,163.51616798694667,116.22104589524653,75.68671069712117,149.58241615718492,69.55951934190348,76.08789462724197,154.91287098652492,50
0.5340535640716553,0.6046315431594849,-0.002828209660947323,0.9995226263999939,0.3985685408115387,0.6055782437324524,0.002782699652016163,0.9996039867401123,0.6748684644699097,0.6799904704093933,-0.5252013206481934,0.9892232418060303,0.25394168496131897,0.6858080625534058,-0.49526458978652954,0.9949243664741516,0.6084772348403931,0.7950556874275208,-0.04546758159995079,0.983112633228302,0.3278011083602905,0.7951648235321045,-0.045304201543331146,0.9934138059616089,0.5779097676277161,0.8108108043670654,-0.007505261339247227,0.9153198003768921,0.3543262779712677,0.8117244839668274,-0.008432772010564804,0.9489495158195496,0.6681486964225769,0.8364592790603638,-0.20982618629932404,0.9724183678627014,0.25520914793014526,0.8365939259529114,-0.20246072113513947,0.986233651638031,23.30104832087682,22.465320605145433,80.9374675066038,76.5136428760945,16.345143394258095,97.66452977127236,76.63501618983572,15.47815870165501,105.99716585236354,81.20614957605748,161.62989665417916,75.06115008617545,82.07026353522072,162.9993840408163,114.06790965817164,76.54113078151553,151.99418191747657,70.60498718747314,76.67843038214045,156.15973805822537,51
0.533431887626648,0.6073780655860901,-0.0024108756333589554,0.9995335936546326,0.397603303194046,0.60817551612854,0.0023727843072265387,0.9996135830879211,0.6736292243003845,0.679656445980072,-0.520172655582428,0.9898180365562439,0.252641886472702,0.6862983703613281,-0.49499228596687317,0.9952531456947327,0.6084773540496826,0.7950227856636047,-0.07008562982082367,0.9837418794631958,0.3277530074119568,0.7952076196670532,-0.06597331911325455,0.9937642812728882,0.5783653259277344,0.810427725315094,-0.035686641931533813,0.9198727607727051,0.3543376624584198,0.8108389377593994,-0.03171143680810928,0.9522606134414673,0.66627037525177,0.8364524841308594,-0.23127645254135132,0.973039984703064,0.25638338923454285,0.8361451029777527,-0.215278759598732,0.9867308139801025,23.467748761343174,22.95743237732237,80.3689948442777,75.9608914833843,17.13843275601468,97.98202632617432,75.76569198120983,16.402845795584447,106.0626189293608,81.42447055269552,161.68083207326742,74.98791216825313,82.32587974711615,163.0570369066881,114.749532160453,76.10530215098811,151.1423882768814,70.85036566965263,76.39910779038476,156.19550137840469,52
0.5328260660171509,0.6093709468841553,-0.0010574533371254802,0.9995502233505249,0.39689207077026367,0.6091058254241943,0.0010473333531990647,0.9996286630630493,0.6728357672691345,0.6805675625801086,-0.5239251255989075,0.9903796911239624,0.2531643509864807,0.6869531869888306,-0.5136834979057312,0.9955573678016663,0.6084554195404053,0.7950010895729065,-0.05980023369193077,0.9843241572380066,0.32746124267578125,0.795205295085907,-0.0738329067826271,0.9940982460975647,0.5782715082168579,0.8100009560585022,-0.022504886612296104,0.924412190914154,0.35413485765457153,0.8091719746589661,-0.0379306860268116,0.9552379250526428,0.6653532981872559,0.8363912105560303,-0.21914128959178925,0.9736093282699585,0.25931084156036377,0.8360635638237,-0.22980034351348877,0.9872267842292786,22.72643612769275,22.355293444757297,80.68530939539316,76.35951896584157,16.620393730647006,97.67044935599249,76.27590753651269,15.796176230282652,105.43425495577281,81.7121973549912,162.3824266320178,75.14041140519586,82.5068023914543,163.27945605377852,112.91327231049247,76.50150961397092,153.00276509816052,70.93420084935805,76.25371490064597,156.17529484261465,53
0.5315815210342407,0.6100589036941528,-0.0007135122432373464,0.9995612502098083,0.39586085081100464,0.6097503900527954,0.0007208579336293042,0.999639093875885,0.6719235181808472,0.6818726658821106,-0.5192869901657104,0.9906412959098816,0.2530885636806488,0.6878471374511719,-0.5136512517929077,0.9957695007324219,0.6085137128829956,0.795196533203125,-0.07359269261360168,0.984464704990387,0.3274468779563904,0.795205295085907,-0.08181669563055038,0.9942967295646667,0.578319787979126,0.8104169368743896,-0.040538541972637177,0.9277974367141724,0.35409754514694214,0.8086016178131104,-0.04949212819337845,0.9576785564422607,0.6657437086105347,0.836479127407074,-0.23961831629276276,0.9735197424888611,0.2591441869735718,0.8356385827064514,-0.24232277274131775,0.9874268174171448,22.813376727561113,22.83976398908736,80.51324419511516,76.23349296541059,16.826260718589307,97.8507050741879,75.87056974932338,16.24407156066008,105.34541426521902,81.67677582988699,162.44376951725587,74.99340361572256,82.386148626195,163.09049564280588,112.42368019617062,76.94953266629206,153.6867535276582,71.50390246288187,76.77123259915406,156.97308758635725,54
0.5316051244735718,0.6094384789466858,-0.0008201169548556209,0.9995538592338562,0.3958420753479004,0.6087155938148499,0.000828258169349283,0.9996374845504761,0.6712120771408081,0.6820059418678284,-0.518688976764679,0.9908745884895325,0.2537374496459961,0.6870594620704651,-0.5107743740081787,0.9959664344787598,0.6096498966217041,0.7954167127609253,-0.07919352501630783,0.9843412637710571,0.3274504542350769,0.7954716086387634,-0.08882735669612885,0.9944764375686646,0.5795866847038269,0.8104645013809204,-0.04690003767609596,0.9297329187393188,0.35421454906463623,0.808633029460907,-0.054101452231407166,0.9599654078483582,0.6660135984420776,0.8361948132514954,-0.24248258769512177,0.973108172416687,0.258017897605896,0.8354998230934143,-0.2505306005477905,0.9876471161842346,23.272952827158765,23.142631358060704,80.39641736106596,75.79671486670799,17.259957730971326,97.72398959427473,75.6647157437044,16.363006554016756,105.35297413061217,81.60667593330645,162.40204726477018,75.0522827880524,82.29483618355914,163.09997529854058,112.62648694936978,77.18556391292198,153.63574631482646,71.48468266563727,76.71779425378647,156.9239289947049,55
0.5314076542854309,0.6072958111763,-0.0008095679222606122,0.9995625615119934,0.39574313163757324,0.6066100001335144,0.0008211525273509324,0.9996442794799805,0.670495331287384,0.681797206401825,-0.49434515833854675,0.9912437200546265,0.25364816188812256,0.6874285340309143,-0.47736912965774536,0.9961839318275452,0.6107114553451538,0.7955207228660583,-0.061546143144369125,0.9845682978630066,0.32748833298683167,0.7956074476242065,-0.07208067178726196,0.9946956038475037,0.5804006457328796,0.8105737566947937,-0.028155388310551643,0.9321895837783813,0.354361355304718,0.8086226582527161,-0.03906884044408798,0.9620727896690369,0.6660516262054443,0.8359600901603699,-0.21521736681461334,0.9733367562294006,0.2580166757106781,0.8355947732925415,-0.22200559079647064,0.9879592657089233,24.69913396254271,24.154014336412256,80.01656460448095,75.28657054105483,17.90930318364853,97.60954208036662,75.41014943884103,16.53397971923524,106.33039432801054,80.79758767174623,161.12687942918993,74.42887429550797,81.73306593102166,162.27083468459224,114.119252213876,76.39610096609022,151.86863528730905,70.7986283920372,76.0938005469269,155.96197964244732,56
0.5304800271987915,0.6061316132545471,-0.003553896676748991,0.9995718598365784,0.3950512409210205,0.6054865717887878,0.003606453537940979,0.9996518492698669,0.6697598099708557,0.6815462708473206,-0.5354017615318298,0.991520345211029,0.25342705845832825,0.6872226595878601,-0.5117117762565613,0.9964010715484619,0.6118144989013672,0.7954990267753601,-0.06876993179321289,0.9847692847251892,0.3275732100009918,0.7956811785697937,-0.07769207656383514,0.9949238300323486,0.5815636515617371,0.8103780746459961,-0.03488067165017128,0.9347285628318787,0.3545495867729187,0.8086450695991516,-0.04434585198760033,0.9643099308013916,0.6660459041595459,0.8354046940803528,-0.2235441654920578,0.9734390377998352,0.25792908668518066,0.8355647325515747,-0.23461410403251648,0.9883004426956177,23.22606746118814,22.721296752649973,80.58938099588715,76.16213291763853,16.84142539281135,96.87851895442496,76.37748894658095,15.320936147963035,105.18620210842025,81.30444788225904,162.39498810565644,75.4641466896591,82.18938230923223,163.41626740811282,113.27437296736703,76.92158634847578,152.9130820800504,71.25822354968558,76.32417576484703,156.48954799296627,57
0.5301081538200378,0.6053608655929565,-0.004581405781209469,0.9995712041854858,0.3948062062263489,0.605374276638031,0.004653408657759428,0.9996557235717773,0.6694244146347046,0.6815069913864136,-0.5280404090881348,0.9917121529579163,0.25377628207206726,0.6867353320121765,-0.5241548418998718,0.9965758919715881,0.6127225756645203,0.7954888939857483,-0.07223999500274658,0.9847284555435181,0.32771679759025574,0.7957895994186401,-0.09707977622747421,0.9951079487800598,0.582473635673523,0.8100984692573547,-0.03897577151656151,0.9362443685531616,0.3549635410308838,0.8086867928504944,-0.06432750821113586,0.9662383794784546,0.6660520434379578,0.8353956937789917,-0.22521309554576874,0.9732346534729004,0.25733959674835205,0.835455596446991,-0.2768079340457916,0.9885514974594116,23.14108201059364,23.26847374814342,80.47731164533015,75.8770554368446,17.145584868019473,96.88142205085876,76.06318628792131,15.605229566646905,104.76683459351828,81.54425890612414,162.88679945463207,75.24488420205248,81.99815158843955,163.1271681428571,110.9255598834899,78.38703731706397,155.79662118010822,71.35919438422327,76.16158962705379,156.47068175098272,58
0.5298789739608765,0.6036049127578735,-0.004497947636991739,0.9995771050453186,0.3942890167236328,0.6022251844406128,0.004566635470837355,0.9996638894081116,0.6675567626953125,0.6802218556404114,-0.5387147665023804,0.9918204545974731,0.2536896765232086,0.6865656971931458,-0.539764404296875,0.9966998100280762,0.6129614114761353,0.7954018712043762,-0.09450660645961761,0.9846050143241882,0.32775408029556274,0.7958357930183411,-0.12359073758125305,0.99521803855896,0.5829176306724548,0.8097989559173584,-0.06172991916537285,0.9378890991210938,0.3552614748477936,0.8088369965553284,-0.09167088568210602,0.9677911996841431,0.6662795543670654,0.8353955745697021,-0.27385812997817993,0.9729464650154114,0.25686290860176086,0.8354073762893677,-0.30639082193374634,0.9886266589164734,23.433812816986674,23.528035046773876,80.23333426696014,75.50646056032679,17.598446338953156,96.78462175564327,75.567750756243,16.01065770132961,104.31909120022631,81.46812826853088,163.237383412826,75.68860506452572,82.09327211028295,163.56723660925118,110.75810666579316,78.58933715119737,156.05233289103708,73.81957332783978,77.93484290768407,159.6138924320619,59
0.5465717315673828,0.5016371607780457,0.006596892606467009,0.9998056292533875,0.41466984152793884,0.5004853010177612,-0.006668504793196917,0.9998230338096619,0.5527545809745789,0.6589460968971252,-0.015391072258353233,0.984326183795929,0.3938558101654053,0.6583359837532043,-0.0635196715593338,0.9872233271598816,0.600364625453949,0.7932311296463013,0.08122984319925308,0.9817084074020386,0.3335251808166504,0.7940528392791748,0.061258260160684586,0.988875687122345,0.584145188331604,0.812027633190155,0.07965274155139923,0.8558022379875183,0.3429170548915863,0.8099697828292847,0.06324093788862228,0.8557537198066711,0.6543377637863159,0.8380663990974426,-0.11338748037815094,0.9766368865966797,0.27400022745132446,0.8349417448043823,-0.13156527280807495,0.9811739325523376,118.37408558018275,134.83621727135238,108.12035572041773,45.60169269838645,49.96538313822162,73.94468289101582,38.73414604442937,55.85647011743678,97.07188029779964,20.983657732879376,109.64997581279353,87.77086096377111,8.261416296246516,97.95094465010663,106.8036173901768,78.54587007223375,159.46819064755678,74.87703649546559,77.48345815579704,160.17402267223326,6
0.5296930074691772,0.6008807420730591,-0.004587036557495594,0.999581515789032,0.3941018581390381,0.5985261797904968,0.004658135119825602,0.9996722340583801,0.6648485660552979,0.6795183420181274,-0.541269063949585,0.9917681813240051,0.25388145446777344,0.6853317618370056,-0.562561571598053,0.9967923760414124,0.6129604578018188,0.795310914516449,-0.11063253879547119,0.9842790365219116,0.32778966426849365,0.7959166169166565,-0.14871355891227722,0.9952629804611206,0.5829873085021973,0.8096266984939575,-0.07958214730024338,0.9388390779495239,0.3554953932762146,0.8089097738265991,-0.1174023225903511,0.9689486622810364,0.6662788391113281,0.835360586643219,-0.30602890253067017,0.9722683429718018,0.2568585276603699,0.8351871371269226,-0.3416503667831421,0.9885767698287964,23.485882888352318,24.133520657106956,80.21088427271543,75.262250903532,17.81720408022389,96.63701489445921,75.05309957791079,16.41759570545431,103.73178695855984,81.5496727016634,163.78859152066258,76.00826465512395,81.91303145325422,163.75597493652324,109.81168350135462,79.1845571160509,157.206728455361,75.0338762911026,78.81480776297718,161.15634387434108,60
0.5295883417129517,0.5956039428710938,-0.004607159644365311,0.9995856285095215,0.3941415250301361,0.5924932956695557,0.0046757906675338745,0.9996801614761353,0.6613104343414307,0.6773871779441833,-0.5548494458198547,0.9915962219238281,0.2565867006778717,0.680850625038147,-0.585060179233551,0.9968494772911072,0.6129613518714905,0.7953026294708252,-0.14370134472846985,0.9837575554847717,0.3277955949306488,0.7959913611412048,-0.18226227164268494,0.9952158331871033,0.5831538438796997,0.8096249103546143,-0.11493387818336487,0.9390614032745361,0.3554968535900116,0.8091210722923279,-0.15205658972263336,0.9695490002632141,0.6662688255310059,0.835372269153595,-0.353504478931427,0.9713818430900574,0.2574906349182129,0.8351812362670898,-0.3851467967033386,0.988370418548584,24.21853799640278,25.03406415831765,80.3532106877155,74.27875153991357,18.57761439275537,96.44924459823883,74.10130344175494,17.221779313674865,102.98940828654035,81.69862476243665,164.50543064431062,76.67840026553172,81.77502293303114,164.2633650032447,108.79023560105533,79.65647173767853,158.3603890585358,75.98681880840233,79.51295117982211,162.36667645988717,61
0.5295936465263367,0.589482843875885,-0.004516078159213066,0.9995763897895813,0.3942520022392273,0.5865150094032288,0.004592414479702711,0.9996787905693054,0.656477153301239,0.6763351559638977,-0.5472545027732849,0.9910686016082764,0.260879784822464,0.6785852313041687,-0.5857447981834412,0.9968026876449585,0.612799346446991,0.795300304889679,-0.1655222475528717,0.9829505681991577,0.32760152220726013,0.7969693541526794,-0.21101996302604675,0.9951059222221375,0.5831296443939209,0.8099128007888794,-0.14115223288536072,0.9385594725608826,0.35437092185020447,0.8098545670509338,-0.18379808962345123,0.9698745608329773,0.6662734150886536,0.8353455662727356,-0.3794174790382385,0.9702176451683044,0.25794604420661926,0.8356671929359436,-0.41718295216560364,0.9880414605140686,26.05774903513718,26.872470418273522,80.36398720220498,72.72269357392355,19.932889106620422,96.2341657447353,72.7961514382299,18.365456843659064,102.58365016706118,81.35003378870967,164.64880950888102,77.00116446766656,81.14314309139702,164.1821644844062,108.36961461816966,79.9165363907848,158.86819773503515,76.1941544140939,79.70564067513101,162.65471978346676,62
0.5297488570213318,0.5824759602546692,-0.004944846034049988,0.9995692372322083,0.39433935284614563,0.5803738236427307,0.004999540280550718,0.999675989151001,0.6493096947669983,0.6698502898216248,-0.5448200106620789,0.9900339841842651,0.26452064514160156,0.673599362373352,-0.5797889828681946,0.9964394569396973,0.6127400994300842,0.7952287197113037,-0.2220592051744461,0.9814916849136353,0.32756710052490234,0.797054648399353,-0.24083751440048218,0.9946023225784302,0.5831590294837952,0.8101298213005066,-0.20265835523605347,0.9348069429397583,0.3538202941417694,0.8102155923843384,-0.21721701323986053,0.9688782095909119,0.6656638979911804,0.8356297016143799,-0.4425850510597229,0.9684163331985474,0.2566256821155548,0.8357679843902588,-0.446029394865036,0.9871178865432739,28.614094375849408,30.661574761931274,80.08640199984042,70.2983031956278,22.243238643618028,96.02887866774658,68.89408288614612,22.03035449230522,102.36502292507632,81.15408303320075,164.71417114750867,77.66826235265019,81.0207478665757,164.66134807773346,108.76459199792859,79.88969154268258,158.50244364357152,76.71789068634062,79.89902722262441,163.19967623079881,63
0.5293618440628052,0.5736491680145264,-0.00547074107453227,0.9995766282081604,0.39428144693374634,0.5734013915061951,0.005486313719302416,0.9996724128723145,0.6447191834449768,0.665720522403717,-0.5199970602989197,0.9897452592849731,0.2679216265678406,0.6735496520996094,-0.5178142189979553,0.9962798357009888,0.6120863556861877,0.7952126860618591,-0.19438031315803528,0.9815491437911987,0.32749801874160767,0.7965613603591919,-0.21128715574741364,0.9943574666976929,0.5831534266471863,0.8102009892463684,-0.1745775192975998,0.9324190020561218,0.35329440236091614,0.8095176219940186,-0.17692294716835022,0.9681658744812012,0.6628729701042175,0.8361831307411194,-0.4188303053379059,0.9684186577796936,0.25693437457084656,0.8357648253440857,-0.394972562789917,0.9867516756057739,32.139348413285724,32.21636737396766,79.77512498898408,68.49872330418248,24.031915671818528,95.32031280607404,68.41126689132008,22.299330017094434,103.34193721858031,79.46164639643418,162.87540067349605,77.55458006702844,80.09547867389264,163.99408216177082,110.59087387106223,78.73238017090668,156.27637458773225,77.45092740676787,79.90504181283671,163.78975814494322,64
0.5290563702583313,0.5643542408943176,-0.005545788910239935,0.9995726346969604,0.39427340030670166,0.5652492642402649,0.005545914638787508,0.9996656179428101,0.6436145305633545,0.6620098948478699,-0.4878101050853729,0.9894940257072449,0.27209043502807617,0.6711033582687378,-0.5021998286247253,0.9961075186729431,0.6119527220726013,0.7950791120529175,-0.1927787810564041,0.98162442445755,0.3281167447566986,0.7976633310317993,-0.201764315366745,0.9942044019699097,0.5832340121269226,0.8102685809135437,-0.1762552261352539,0.9300104975700378,0.35381069779396057,0.814026415348053,-0.1792094111442566,0.9675365090370178,0.6606378555297852,0.8363330364227295,-0.42140185832977295,0.9687243103981018,0.2575381398200989,0.8368129134178162,-0.40624386072158813,0.986595630645752,34.0777253069577,36.00064587839186,80.24855000449237,67.50477660561435,24.734880958014063,95.58727153529168,65.84571346864384,24.873648425601623,103.25566737943547,78.5418089667683,162.33922465554704,76.89403572898583,78.85477750744703,162.66486985710046,108.72689958146593,79.74153076548079,158.46049649714462,78.16409911705173,79.9910596150322,164.40452869326822,65
0.5286579728126526,0.556894838809967,-0.005303549580276012,0.9995732307434082,0.39421239495277405,0.5575361847877502,0.005279593635350466,0.9996677041053772,0.6443089842796326,0.6589244604110718,-0.48396652936935425,0.9891417026519775,0.2754584550857544,0.6660825610160828,-0.5105441808700562,0.995953381061554,0.6119644641876221,0.7951123714447021,-0.21406105160713196,0.9816699028015137,0.32915762066841125,0.7976668477058411,-0.2297125607728958,0.9941295385360718,0.5829260945320129,0.8109779357910156,-0.2015959918498993,0.9281337261199951,0.35518747568130493,0.8155070543289185,-0.21240763366222382,0.9673264622688293,0.6619192957878113,0.837471604347229,-0.4576558768749237,0.9691993594169617,0.2562097907066345,0.8372389078140259,-0.45457693934440613,0.9866436719894409,36.36147399189263,38.873480825861115,80.17661652910387,65.28743434627367,26.84248930030946,96.10675626206799,63.38950516799185,27.411780341160927,102.69608012907368,78.41109711763404,162.67708238006114,76.70466720308015,78.29431149361123,162.1411353204555,107.71860130552939,80.4971424222122,159.74257380122205,78.57764201446685,80.33262838436532,164.95053564075124,66
0.5281104445457458,0.5491956472396851,-0.004458821844309568,0.999570369720459,0.39419353008270264,0.5493592023849487,0.004393689800053835,0.999668300151825,0.6414124369621277,0.6569546461105347,-0.45674586296081543,0.9887715578079224,0.2803894579410553,0.6626258492469788,-0.4965556263923645,0.9957775473594666,0.6119727492332458,0.7949971556663513,-0.21460650861263275,0.981788158416748,0.3298151195049286,0.797581136226654,-0.23243917524814606,0.9940237402915955,0.5829799771308899,0.8109781742095947,-0.20484761893749237,0.9258311986923218,0.3557932674884796,0.8161828517913818,-0.21858738362789154,0.9665071368217468,0.6626631617546082,0.8374906182289124,-0.4616878628730774,0.9697712659835815,0.25595465302467346,0.8376591801643372,-0.4627099931240082,0.9866365194320679,39.16044868894555,43.07323411123701,80.53906003553945,63.33190035097292,28.55322041895327,96.02939616175684,60.49326969776885,30.238581491800343,102.49392412421847,77.56602321348655,162.22836629165883,76.30463319497682,76.9867275426579,160.9289144527899,107.53675561169872,80.5898674476278,159.95130234113617,78.56955347607773,80.43702289267645,165.01295229903582,67
0.5273846387863159,0.5445891618728638,-0.0034636890050023794,0.9995552897453308,0.39366450905799866,0.5442301630973816,0.0033843202982097864,0.9996618032455444,0.6361371278762817,0.6581924557685852,-0.32338467240333557,0.9879631400108337,0.2850598990917206,0.6615906953811646,-0.3898910582065582,0.9955984354019165,0.6105780005455017,0.7949939370155334,-0.14027558267116547,0.9815136194229126,0.32949477434158325,0.7954846620559692,-0.16955986618995667,0.9939224720001221,0.5819452404975891,0.8111568093299866,-0.14025086164474487,0.9225888252258301,0.3552037477493286,0.8159103989601135,-0.16458168625831604,0.9654658436775208,0.6642968058586121,0.8374728560447693,-0.37067630887031555,0.9697712659835815,0.25582972168922424,0.8374650478363037,-0.37861430644989014,0.986609160900116,46.99085557742017,56.0243522452954,80.2213934563214,59.217715080783144,32.63080324366938,96.38045610179606,53.50114363088528,37.23597360514734,104.82201988420772,73.95204466364329,157.87388794609416,72.23774049355501,71.41716506179363,153.82220099552808,109.05879102745563,79.27541531489743,157.92373573211037,77.08591334459284,79.8207818873573,163.44583213776562,68
0.5271928310394287,0.5352975130081177,-0.002191975712776184,0.9995356202125549,0.3936656415462494,0.5347988605499268,0.002117230324074626,0.9996536374092102,0.6313878893852234,0.6554620862007141,-0.30420565605163574,0.9872048497200012,0.2919086813926697,0.6567649841308594,-0.3830004632472992,0.9952896237373352,0.6091299057006836,0.7950783371925354,-0.16317957639694214,0.981390655040741,0.32957905530929565,0.7947635650634766,-0.18526586890220642,0.9937024712562561,0.581518828868866,0.811689019203186,-0.17138276994228363,0.9193816781044006,0.35509049892425537,0.8156400322914124,-0.18350990116596222,0.9640138149261475,0.6643511652946472,0.837472677230835,-0.4114304780960083,0.969911515712738,0.2561565339565277,0.837487518787384,-0.4068056344985962,0.9864250421524048,51.598982050259984,65.62180665425431,81.1206937407907,55.56671581423702,35.88322645550071,96.3996096801695,45.640216036473134,45.07166941269049,104.13826087335786,72.97591177732598,157.58650123772648,72.22625210121288,69.3875696784166,152.22764237168607,108.0260780198919,79.62637949874754,159.02094628389452,77.63264408490895,80.53594085330418,164.33469360446935,69
0.5468683838844299,0.501783013343811,0.006665699649602175,0.9998123645782471,0.4149842858314514,0.5004921555519104,-0.00673938961699605,0.9998278617858887,0.5531675815582275,0.6593091487884521,-0.014110544696450233,0.9844381213188171,0.393172949552536,0.6588696837425232,-0.061382442712783813,0.9874188899993896,0.6002525687217712,0.793256402015686,0.08471899479627609,0.981884241104126,0.3335542678833008,0.7941177487373352,0.0647544339299202,0.9889557361602783,0.5839614868164062,0.8119027018547058,0.08334343880414963,0.8567962646484375,0.3430362045764923,0.8099903464317322,0.06710466742515564,0.8555861711502075,0.6543051600456238,0.8381237387657166,-0.11186415702104568,0.9768759608268738,0.2738865315914154,0.8347798585891724,-0.12849079072475433,0.9813685417175293,118.82470200051722,134.6832639067982,107.86770662283614,45.890044721896665,49.52260828369832,74.20593592387479,39.25851836126206,55.15932931077602,97.4174283119609,20.379424906919617,108.8700032124652,87.72970110175646,7.847046985126187,97.50748782507381,106.81221645264789,78.63215151216826,159.5119272934954,74.99369958323659,77.5888362431038,160.33594506379546,7
0.5271607041358948,0.5258733034133911,-0.001401674933731556,0.9995333552360535,0.3936108648777008,0.525236189365387,0.001236441545188427,0.9996513724327087,0.6202154755592346,0.6509583592414856,-0.1796630173921585,0.986690878868103,0.30728158354759216,0.6535495519638062,-0.21042628586292267,0.994756817817688,0.6084530353546143,0.7945089340209961,-0.11906719952821732,0.9816606044769287,0.32947838306427,0.7941060662269592,-0.10092180222272873,0.9935209155082703,0.5813694000244141,0.8114734888076782,-0.13078340888023376,0.9148085713386536,0.35438135266304016,0.8155264258384705,-0.10374724119901657,0.9609261751174927,0.6643604636192322,0.8378027081489563,-0.34078845381736755,0.9706165194511414,0.2566625773906708,0.8377628922462463,-0.2923189699649811,0.9862209558486938,81.37474504410278,99.42466990251144,82.89887008357859,38.48197158087638,52.42023269311061,94.31703057416816,23.267750725575226,67.18293739461173,109.22770133873878,60.69350713980066,143.84625835794668,66.8625278644234,58.11665096367999,138.8280192723217,110.35066743685873,77.96536299780064,156.07879880864027,76.09982832919374,79.27876282612962,162.31164758631306,70
0.5279644727706909,0.521407961845398,-0.0018221894279122353,0.9995251297950745,0.3934285342693329,0.5213398337364197,0.0015885336324572563,0.9996442794799805,0.6090055108070374,0.652576208114624,-0.13578663766384125,0.9863136410713196,0.31928059458732605,0.6556108593940735,-0.1488618552684784,0.9942270517349243,0.6083394289016724,0.7947357296943665,-0.08211228251457214,0.9817403554916382,0.3296814262866974,0.7947255969047546,-0.06621799618005753,0.9933523535728455,0.5819980502128601,0.81153804063797,-0.0926959291100502,0.9096289277076721,0.35392865538597107,0.8154209852218628,-0.07094813138246536,0.9577142596244812,0.6634277105331421,0.83809494972229,-0.281517893075943,0.9708800315856934,0.25688257813453674,0.8379341959953308,-0.24158282577991486,0.9859867095947266,99.0404645462077,111.55377119683325,86.32222937636963,30.911313795938312,59.356806137630436,90.25114990541988,20.68620223403653,69.31546342466059,110.18848624731184,51.322011937342985,134.44682538068795,66.62370296422142,50.045012497287736,130.98606821592668,111.95303791153266,77.17989561093525,154.2314097658929,74.89286687738621,78.16265199036363,160.62980913155243,71
0.5284321308135986,0.5144957304000854,0.0003032860404346138,0.9995361566543579,0.3934269845485687,0.5153483152389526,-0.0005778372287750244,0.9996501803398132,0.5993131995201111,0.6530095934867859,-0.08248355984687805,0.9865390658378601,0.33669835329055786,0.6554701328277588,-0.12909190356731415,0.9941297769546509,0.6065563559532166,0.7947684526443481,-0.021458782255649567,0.9823322892189026,0.3311851918697357,0.7948559522628784,-0.04059190675616264,0.9935093522071838,0.5819738507270813,0.8115736246109009,-0.030267393216490746,0.9079664349555969,0.35395801067352295,0.8152539730072021,-0.04457635059952736,0.9552991986274719,0.662522554397583,0.8379696607589722,-0.2158411294221878,0.9719023704528809,0.2611033618450165,0.8378872275352478,-0.22485822439193726,0.9863675236701965,104.97590085333779,123.6687274982114,91.91246659303567,32.462849117203376,57.607643178979465,87.3130180918075,23.4369569754257,66.73605927698785,106.61327436493528,45.07268133857399,130.36890815942607,66.2865142241363,38.19632171520813,118.01573296886396,110.3228236222532,77.68694639055474,155.94870586896099,74.30143152685493,77.94431348804501,160.01272735991645,72
0.5300233960151672,0.5087148547172546,0.00026411283761262894,0.9995531439781189,0.3941919207572937,0.5099475383758545,-0.0005386518314480782,0.99965900182724,0.5902710556983948,0.6526729464530945,-0.05228240787982941,0.9869381189346313,0.3493419885635376,0.6565613150596619,-0.07296515256166458,0.9940465092658997,0.6066300868988037,0.7947449088096619,0.04561775177717209,0.9829205274581909,0.3316018581390381,0.7964369058609009,0.03657818213105202,0.9936240315437317,0.5837996602058411,0.8115546703338623,0.0416407473385334,0.9048730731010437,0.35311222076416016,0.815660297870636,0.03539658710360527,0.951714813709259,0.660700261592865,0.8379606008529663,-0.15385736525058746,0.9728825688362122,0.26349928975105286,0.8377125263214111,-0.1556776762008667,0.9866592288017273,116.20534602867761,124.81586348320617,95.70216684189715,38.4267791979472,52.1554831581235,84.58370181691481,34.93979397065385,55.60581306231609,105.33712516884063,30.158368414882275,115.28543582408764,68.5383588667595,29.044413238655206,108.60910787105307,109.10286346081612,78.55957490704246,157.50015014029137,75.16224389929197,78.18954411964481,160.86310191094537,73
0.5323619842529297,0.5060983896255493,-0.00016591264284215868,0.9995711445808411,0.3976335823535919,0.507797360420227,-6.099661914049648e-05,0.9996692538261414,0.5794018507003784,0.6533099412918091,-0.041554201394319534,0.98734050989151,0.3613816797733307,0.6566997766494751,-0.03712412342429161,0.9938827157020569,0.606657862663269,0.7951880097389221,0.0568375326693058,0.9833571314811707,0.3329823315143585,0.7965384125709534,0.0831526666879654,0.9936383962631226,0.5852960348129272,0.8117335438728333,0.053280510008335114,0.9011178016662598,0.3531534671783447,0.8156039714813232,0.08391008526086807,0.9481509923934937,0.6565614938735962,0.8387477993965149,-0.14813515543937683,0.9737011790275574,0.2649325728416443,0.8372485041618347,-0.10570410639047623,0.9868629574775696,126.23765386599554,130.3218606157298,98.75302428453607,41.46903245395449,49.87231071303272,81.02917512426374,35.73923494273156,55.74350454022236,103.29252366605576,19.197055669817352,103.59562099954226,72.90142787273767,23.05542274716618,104.99246786899155,109.40400114472631,78.53604038896947,157.22337698515932,76.60472262337125,78.33332623126087,162.09081071807398,74
0.5341371297836304,0.5032459497451782,-6.95269409334287e-05,0.9995927214622498,0.40211084485054016,0.5049978494644165,-0.00013685759040527046,0.9996834397315979,0.5710146427154541,0.6531802415847778,-0.0423760749399662,0.9876219630241394,0.3709520399570465,0.6560439467430115,-0.05309394374489784,0.9937962293624878,0.6066954731941223,0.7952728867530823,0.05251014232635498,0.9838542342185974,0.33350303769111633,0.7967638373374939,0.06116211414337158,0.9937534928321838,0.5858988761901855,0.8123530149459839,0.049127381294965744,0.9007648229598999,0.3531494140625,0.8155731558799744,0.06112195551395416,0.9457383155822754,0.6571093201637268,0.8387291431427002,-0.14678458869457245,0.9746842980384827,0.26473477482795715,0.8366048336029053,-0.12953583896160126,0.9871918559074402,122.84866145988639,131.7463415248496,101.67304989416034,40.51191126809257,51.88119564883312,78.2045094827298,35.5051985229493,57.07010033464257,101.01593066108876,22.13587781732525,108.95105149903806,76.68237236838094,20.521755881158303,105.32302704928827,109.44262643632433,78.88116461957239,157.37548364558975,76.11733543113158,78.06387406484652,161.53227862768074,75
0.5354084372520447,0.5018748641014099,-0.00014859176008030772,0.9996141791343689,0.4045102894306183,0.5030279755592346,-4.219491529511288e-05,0.9996972680091858,0.5652292370796204,0.6534300446510315,-0.04977582395076752,0.9870334267616272,0.37655290961265564,0.655074417591095,-0.059345543384552,0.993148148059845,0.6066060662269592,0.7957614064216614,0.039567381143569946,0.9837003946304321,0.33442172408103943,0.796766459941864,0.06759574264287949,0.9935503005981445,0.5864285230636597,0.8135392665863037,0.03602532297372818,0.8981993198394775,0.35307908058166504,0.8155660629272461,0.06910119950771332,0.9406559467315674,0.6573046445846558,0.8387121558189392,-0.16688545048236847,0.9750247597694397,0.26668351888656616,0.8352176547050476,-0.1267145425081253,0.9870811700820923,118.09478326160975,130.86540079660654,102.48745539197827,43.34845370090346,49.34606822636294,76.16782838915202,34.674000554216036,58.920136288676915,99.72070073153387,23.32587642852422,110.98699311148435,79.40828835576434,20.908047543656625,107.8118280647142,108.87951066257808,79.4159472322346,158.15626133406025,76.48140602085438,78.57779466904894,162.15936187302555,76
0.5377389788627625,0.5017758011817932,0.0007049963460303843,0.9996339082717896,0.4097418189048767,0.5028464794158936,-0.0008494007051922381,0.9997128248214722,0.5572983622550964,0.653650164604187,-0.03906247392296791,0.9861329197883606,0.38296645879745483,0.6554231643676758,-0.07299605011940002,0.9927259683609009,0.6064909100532532,0.7957398891448975,0.07078879326581955,0.983283281326294,0.334505170583725,0.7967742681503296,0.06935812532901764,0.9933266639709473,0.5867059230804443,0.813798725605011,0.07051675766706467,0.8953251838684082,0.35157009959220886,0.8155632615089417,0.0727783739566803,0.9341046810150146,0.6598235964775085,0.8381848931312561,-0.1378312110900879,0.9751651883125305,0.2703787386417389,0.8349114060401917,-0.13589628040790558,0.9868419766426086,110.92227677780464,128.0875027248863,103.58066240178755,46.77211070763058,46.3887172206644,74.68247011848241,40.26760921069855,53.84933503608208,99.01461342336069,26.76495070518738,114.97318245547427,82.89831655473475,16.26736289147698,104.55809813819516,107.07522679431536,79.94314872332431,160.0238076372083,75.93610763533204,78.84899850463368,161.90652470218802,77
0.5384190082550049,0.5031008124351501,0.0019784553442150354,0.9996570944786072,0.41017648577690125,0.5040001273155212,-0.0020932788029313087,0.9997296333312988,0.5531179308891296,0.6542524099349976,-0.027192650362849236,0.9859248399734497,0.3843895494937897,0.6559625267982483,-0.07166869193315506,0.9925181269645691,0.6064790487289429,0.7952554821968079,0.0874299556016922,0.9833369255065918,0.3345000445842743,0.7967174053192139,0.0756026953458786,0.9931021332740784,0.5875168442726135,0.8132596611976624,0.08780840784311295,0.8938451409339905,0.34739673137664795,0.8149527907371521,0.08007732033729553,0.9268914461135864,0.6603823304176331,0.8377960920333862,-0.12072081118822098,0.9756696224212646,0.2784877121448517,0.8345697522163391,-0.12711378931999207,0.9866054654121399,110.51391073816168,129.81679278926862,103.76065732891425,47.847929523917486,45.39859582524235,73.63494500371749,41.881973927817114,52.75474924693589,98.77101854654403,26.02540231464124,114.29409650284974,84.54568987728302,12.194572750209177,100.87329123622966,105.19574174104126,79.7970570170141,161.55717698566687,75.76342992213063,78.8086929339059,161.74255869334473,78
0.5387969017028809,0.5046852231025696,0.003974768333137035,0.9996787905693054,0.40973809361457825,0.5048910975456238,-0.004084731452167034,0.9997445940971375,0.5520418882369995,0.6547811627388,-0.01932091824710369,0.9860451221466064,0.3874897062778473,0.6562390923500061,-0.06719473749399185,0.9924365282058716,0.6064289808273315,0.7952331900596619,0.0964498519897461,0.983615517616272,0.3345041573047638,0.796576738357544,0.07858525961637497,0.9929578304290771,0.5876419544219971,0.8132144808769226,0.09666647762060165,0.8929407596588135,0.34511443972587585,0.814396321773529,0.08293720334768295,0.920388400554657,0.6604255437850952,0.837720513343811,-0.1110742911696434,0.9763177037239075,0.2818673551082611,0.834482729434967,-0.12317195534706116,0.986494243144989,112.45003316820143,131.26907430799073,104.67334911485806,47.862496818130964,45.818755782278416,73.36360586509342,42.32407852916439,52.45209593058907,97.72661427393491,23.852087616175467,112.41871229389143,85.0164447168344,10.12278134518775,98.78860449256067,104.38114748935203,79.69648333820672,162.17733028743353,75.69947232848214,78.79273228486973,161.681077793951,79
0.5469024777412415,0.5016701221466064,0.00669503677636385,0.9998181462287903,0.4150431454181671,0.5003195405006409,-0.006771636661142111,0.9998316168785095,0.5532236695289612,0.65935218334198,-0.014663993380963802,0.9845261573791504,0.39281904697418213,0.6588500142097473,-0.061661578714847565,0.9875055551528931,0.6001361012458801,0.7932531833648682,0.08217937499284744,0.9819782972335815,0.33385077118873596,0.7941253185272217,0.06254526227712631,0.9890145063400269,0.5835108757019043,0.8118393421173096,0.08047988265752792,0.856697142124176,0.3437030017375946,0.8100090026855469,0.06453125178813934,0.8554353713989258,0.6541798114776611,0.8381146192550659,-0.11497242003679276,0.9770370721817017,0.27372491359710693,0.8345833420753479,-0.13103432953357697,0.9815520644187927,119.2272281603759,134.99519959694211,107.80147472239855,45.46602914922119,49.91316840118179,74.15156375663754,38.786617976029234,55.68384645166793,97.5461636909143,20.482958420547675,108.92629062651913,87.72509734549784,8.04061954372097,97.70800626480366,106.91089797949296,78.71246846944568,159.4755846315331,75.03525527887922,77.62253999551821,160.3910632496503,8
0.5394849181175232,0.5053485631942749,0.004831837955862284,0.9996981620788574,0.4103657007217407,0.5054735541343689,-0.004948480520397425,0.9997580647468567,0.5524439811706543,0.6555536389350891,-0.01625758409500122,0.9862871766090393,0.3878738582134247,0.6564797163009644,-0.06439337134361267,0.99245285987854,0.6064354777336121,0.7950969338417053,0.09878268837928772,0.9840906262397766,0.3345218598842621,0.7965354323387146,0.07832096517086029,0.9929285049438477,0.5886545777320862,0.8128175139427185,0.0987323597073555,0.8928974270820618,0.34366703033447266,0.8137627840042114,0.0821693167090416,0.9150590300559998,0.6596425175666809,0.8369560837745667,-0.10985450446605682,0.9771733283996582,0.2837170958518982,0.8344939947128296,-0.12425947189331055,0.9865680932998657,114.13812850258326,132.02267512703455,104.93944484393387,47.40962593959196,46.40164079867018,73.37734450069938,42.32367667007132,52.444713294693074,97.89060587219416,22.8259616011062,111.27411641979016,85.11663509885736,9.357858704520746,97.96312205354272,103.84725348373574,79.69910414283721,162.616949094274,75.9616490311918,78.99841264153073,162.02264763662782,80
0.5468464493751526,0.501589298248291,0.006153180729597807,0.9998230934143066,0.4150473475456238,0.5001833438873291,-0.006234028842300177,0.999834418296814,0.553236186504364,0.6592739224433899,-0.01498496439307928,0.9845001697540283,0.3921769857406616,0.6589183807373047,-0.05950942635536194,0.9874374866485596,0.6001374125480652,0.7932502031326294,0.082954041659832,0.9818538427352905,0.33409783244132996,0.7942296862602234,0.06699521094560623,0.9890083074569702,0.5834851264953613,0.811761736869812,0.08147500455379486,0.8555654287338257,0.3443463146686554,0.8102288842201233,0.0691150352358818,0.8554775714874268,0.6541673541069031,0.8381080627441406,-0.11571190506219864,0.9769791960716248,0.27237018942832947,0.8344098329544067,-0.12740842998027802,0.9816403388977051,119.32535894812844,134.81985962711974,107.408320447115,45.811569704534165,49.333493659314534,74.2191306454945,39.02532401498186,55.395811993753654,97.77795570068014,20.06438100910355,108.3762001336254,87.7000660003478,7.9720869975150395,97.62898316565389,107.27312782210478,78.85587501222143,159.25001939275853,75.1425028260832,77.70841473636925,160.53253483261656,9
