frame,rt_hip_sagittal,rt_hip_frontal,rt_hip_transe,rt_knee_sagittal,rt_knee_frontal,rt_knee_transe,rt_ank_sagittal,lt_hip_sagittal,lt_hip_frontal,lt_hip_transe,lt_knee_sagittal,lt_knee_frontal,lt_knee_transe,lt_ank_sagittal
1,-8.984879776499353,51.700996335452274,4.277238807384409,53.42476088627149,0.0,-76.62709949681462,-31.13343367445385,19.62727691612278,45.12782129713648,3.3917739838537746,43.09471841935482,0.0,-93.38767014401016,-33.65046566785101
2,-7.052895486155164,51.18008773725238,5.61671517715743,50.845764179580314,0.0,-76.7827330014413,-34.52557459333456,20.462930484140053,43.38223842527524,4.268022227350726,43.58070260700198,0.0,-93.18476464730651,-33.18653827602637
3,-5.757945256725875,53.1113507664234,6.634243020112431,50.859629234784336,0.0,-77.321079089653,-37.715576630952604,20.85950794506928,42.95144734314177,4.629867509824037,42.959241832084736,0.0,-92.50728681129355,-34.699664935197966
4,-4.908472227645283,55.098819997773,7.442930773064287,51.66725698885968,-1.2722218725854067e-14,-77.88550623368688,-39.35869733803576,21.216363518073358,43.90907327651866,4.990689381235566,43.240938599344425,0.0,-92.02462847289983,-35.81944124809333
5,-4.633555505045932,56.29047010788605,7.58838476610912,51.26815502268579,0.0,-78.2183631158816,-39.48947678661944,21.32638972506051,46.17936950533047,5.267483759861241,47.32912090797387,1.2722218725854067e-14,-91.700750222765,-32.597010851504834
6,-4.517490851313876,56.27894332420789,7.611400564490543,51.39312012401276,1.2722218725854067e-14,-78.42284868223052,-39.36988288165351,21.642777037563068,47.13528056120114,5.465919918520367,50.00787222683305,0.0,-91.5961402686489,-30.876458627950385
7,-4.125110161216166,56.44630677557304,7.935553066319004,52.962285490305405,0.0,-79.10331550646603,-38.97490676072154,21.90128750246858,46.48983369570602,5.53510746622522,48.06317175245851,0.0,-91.69593662111755,-33.173205670423435
8,-3.505149034339998,57.986137562677804,8.589802609403328,54.34893171238082,0.0,-79.71852842794702,-39.77059294267949,22.325940785344056,48.091058906524545,5.9719418472429835,48.5859432846076,0.0,-91.27295454466271,-34.85048839947263
9,-2.7410182774930756,57.5596351054755,9.173547729565339,51.88515623485141,0.0,-79.15523286607123,-43.714498262821756,22.860252004955115,47.1916521573765,6.280539722523728,46.05689258753984,0.0,-91.34197830804308,-38.39782329617085
10,-2.6740647606005052,56.973857832175725,9.133645112931353,52.03797522951271,0.0,-79.2636638443245,-43.538118231986374,22.885683996113215,46.32803517451338,6.205023166709767,45.375360869252134,1.2722218725854067e-14,-91.4399365251878,-38.786675590334106
11,-2.5245411405575062,57.10003349022188,9.218677531204932,52.04360847219466,0.0,-79.39893262905522,-43.78271559147714,22.887687348911307,46.0716278669069,6.176466928428334,44.861326998873146,0.0,-91.48851843252866,-39.17179786435732
12,-2.460320441164677,57.376225782359484,9.233766099253966,52.895169984359846,1.2722218725854067e-14,-79.87446101704246,-42.656952916788796,22.884858248862813,46.51132544416248,6.2162315114474715,45.706900742830534,1.2722218725854067e-14,-91.49308829074265,-38.25402440249303
13,-2.26018896828862,58.25634889168428,9.44349161120526,53.03628961623921,0.0,-80.08060117817975,-43.000242827684424,23.114323112585634,48.362150331846195,6.556247359441409,46.86151478240119,1.2722218725854067e-14,-91.21781927635094,-38.52898927576867
14,-1.9585325150419366,59.175179681855155,9.800787330200613,53.08470330512184,-1.2722218725854067e-14,-80.20471849023238,-43.708293653340476,23.444493568211143,50.37600097353629,7.046586507299014,48.36197342316309,0.0,-90.7724643547282,-38.85945147570628
15,-1.7824718557546995,59.781852790320805,9.99397068344449,54.39272574143028,0.0,-80.68023145763595,-42.863412810186,23.497301578193603,50.97463880494483,7.163961731194321,49.766816527163876,0.0,-90.59001798349911,-37.90836502246609
16,-1.5835936237325787,60.28524415215296,10.212376054212129,53.75056966767393,0.0,-80.50371683676651,-44.56376414560757,23.385841188032305,50.326404915659204,7.007383897122056,48.6357684214995,0.0,-90.60246240576558,-38.888038364792685
17,-1.9580123812626646,59.28454000699449,9.776496298393024,53.57358418394624,1.2722218725854067e-14,-80.29469020721636,-44.591923117345914,23.096096237013054,48.73374713444821,6.601978114876692,47.728812217556445,0.0,-90.61821309903524,-38.97490110269222
18,-2.14966933128506,59.19427900754779,9.60144628075299,53.895440566793255,1.2722218725854067e-14,-80.33056951434216,-44.10149835037844,22.9790189527939,48.71818594464901,6.5041858181505114,47.421219244336484,0.0,-90.605333264241,-39.16852317776352
19,-2.226022260146596,58.89717705468181,9.50829326902945,53.49569583062262,1.2722218725854067e-14,-80.20260943759536,-44.38983112428954,22.991751691120836,48.51280608972478,6.470764436404721,46.957028816810265,-1.2722218725854067e-14,-90.66228400242886,-39.59927747494159
20,-2.1848186895597737,58.97334462549484,9.515819608005609,53.6713995369252,0.0,-80.33139594112396,-44.163205399626555,23.01835129588158,48.513083985825226,6.456393825165049,46.81155025185917,1.2722218725854067e-14,-90.76257628893956,-39.635057742540084
21,-2.3318812013338164,58.96869854794526,9.385365749847352,53.73634667009485,0.0,-80.29514092570106,-44.00105227491885,22.939805205981134,48.60890958720382,6.3910862722862785,46.91070921727603,0.0,-90.75343447596018,-39.5106463383652
22,-2.4331134508314056,58.69428154041672,9.25219155244293,53.79558594434202,0.0,-80.32150565506392,-43.607061862832566,22.805806617724112,47.80393233855135,6.191330260206217,46.61468397842223,0.0,-90.96795176297614,-38.96263375950121
23,-2.5919074403735607,58.2159448045233,9.012497097173652,53.98935127474606,0.0,-80.44369892315302,-42.777811095919496,22.50382954304179,46.15697778505785,5.800685576002141,45.79647974590265,0.0,-91.38217385228015,-38.01883571216523
24,-2.6331974799831537,57.9287786824754,8.897796940830505,53.66420456312774,0.0,-80.39155239963127,-42.78650896404046,22.452804947695327,45.6131284007309,5.682415528465717,45.1017985618327,0.0,-91.59239851195802,-38.15751173066198
25,-1.9581729488824873,57.07703777086313,9.319564505977425,52.83705459529008,0.0,-80.65723255018929,-43.34616343987085,22.914230547227323,44.70516956564025,5.957035211223629,43.89084374245486,0.0,-92.18574316466352,-39.236919800414135
26,-0.9988632775319571,57.1154381528934,10.060915763400162,52.58688546342294,0.0,-81.26340610292932,-43.375608023028434,23.516723894864548,44.91411540246606,6.465819604015551,44.13141512868244,0.0,-92.74223229252188,-39.202069215757064
27,0.1421126758401246,57.646213534559706,11.031412862354703,53.20774408441159,0.0,-82.35383682565643,-41.55089102783797,24.240753321253102,45.96819135718557,7.202913605392359,44.6176772333775,0.0,-93.72670478726933,-38.45407034339348
28,0.9704526605710475,58.306285975874154,11.824982364473714,53.892849482849016,1.2722218725854067e-14,-83.0947341817195,-40.536929416986666,24.680911049992602,46.48255423431877,7.657755253444957,45.797579074688464,0.0,-94.23578007194934,-37.03816392819436
29,1.6194306546956272,59.47956048792256,12.493514109742243,53.692053950197646,0.0,-83.16946983000724,-42.12185446392664,25.239702054954538,48.44620546062103,8.272182874244484,47.12754545686698,0.0,-93.72952745388348,-37.84442069084984
30,1.5481886182941609,59.19323448302905,12.391954185257518,53.7312382707029,0.0,-83.18195088753644,-41.95148471770033,25.215265210000894,48.209480445592206,8.230959638977637,47.24037935779135,1.2722218725854067e-14,-93.73910759022375,-37.65274600465291
31,1.5232992319621022,59.58870907181944,12.306598581499706,55.92828343012548,1.2722218725854067e-14,-83.73299464688628,-39.61978889435211,25.15245413229826,48.827363456593126,8.224142673130194,49.860930584169566,1.2722218725854067e-14,-93.42770795087802,-35.070038497066285
32,1.4497917266383862,59.57137300161027,12.182965349176776,55.93276706415783,0.0,-83.72177020632269,-39.25770827545985,25.0281058508661,48.63646052186643,8.092961805287604,49.611804180591314,0.0,-93.53585816659027,-34.78173098260853
33,1.496999885848262,59.486592741795754,12.134585545727024,55.81532704185961,0.0,-83.7058969795766,-39.46925924771656,25.126824663723735,48.86072934653891,8.153170843647004,49.33231553290528,0.0,-93.45133993171257,-35.430157504852694
34,1.2710524784726545,59.55051240326431,11.871882105096649,56.184838805289175,0.0,-83.80240988700703,-37.83189725901911,25.198112156995457,49.875402680218144,8.249943088675087,50.26637428173451,1.2722218725854067e-14,-93.57474806987595,-34.21060504997997
35,1.0880702909889275,60.66751715938884,11.826314275913342,58.06044494057191,1.2722218725854067e-14,-84.13742374937455,-35.7765000874526,24.9848281209577,50.97177139470306,8.167715584851845,52.635157818073175,0.0,-93.39770806769583,-31.599150861537264
36,0.7849283176094435,61.15337942460498,11.597513537434201,59.33524169723989,1.2722218725854067e-14,-84.22747283000628,-34.44676613605312,25.022371501478553,52.66197776596137,8.34644343408367,55.14011134155671,0.0,-92.85064835377543,-30.136654303424073
37,-0.38887195997564167,61.43788742160317,10.624190831516215,59.26978449689649,0.0,-83.5570462088229,-34.491339633817546,24.267961100201443,53.478576198510176,7.788981174300718,55.834713889666446,-1.2722218725854067e-14,-92.15990384913555,-29.6808590272283
38,-1.5025587449153543,60.419644213716786,9.606835829233496,58.256130881254855,0.0,-82.75507998639154,-34.981848183076195,23.273578166526736,50.977327833217366,6.712416384484628,52.42773692386016,0.0,-92.47685263769782,-30.897888040309212
39,-1.9871918137810511,59.10942639829586,9.091038608031942,57.379075706037085,-1.2722218725854067e-14,-82.38175543412132,-34.49381617560744,23.05852308221718,48.635911220575736,6.1629485833142645,49.82252504034198,0.0,-93.62051330365509,-31.155589561930448
40,-3.042524473702807,58.363070443513834,8.34577783515083,56.41184556790973,0.0,-81.32977599158075,-34.997311266315656,23.077673131272405,48.482858515613046,5.797587934329763,49.36243800933739,0.0,-94.05388364998758,-31.547899508727664
41,-3.31630067136262,58.17518362766649,8.293390422904302,55.98224367801965,0.0,-80.9718792513959,-35.44346503795501,23.677516016004176,49.1395803308076,5.94014840389854,48.74930916940807,1.2722218725854067e-14,-94.99646614849127,-32.93443779489445
42,-2.547704114154278,58.458022276713464,9.303038764810854,56.18972350933445,1.2722218725854067e-14,-81.46052510222962,-34.429650862697166,25.081515106974226,49.860702062588615,6.7576952686061,49.597528953760694,1.2722218725854067e-14,-96.92520101024098,-32.09649501220081
43,-3.208643429394004,57.425344021293,8.962777442039018,53.362667417459306,1.2722218725854067e-14,-80.11787189144259,-37.73874893057134,26.198677182933675,50.751284744871924,6.997858562643105,49.66490063475895,0.0,-98.34749122646548,-34.304163611743036
44,-3.742612368472837,59.10851114458217,9.28639105160238,58.49856677990458,0.0,-80.87878736437591,-33.462984760680385,28.435822435972693,55.530354329318456,8.084504244018303,59.06470356532846,0.0,-97.50261762014041,-28.774195148153723
45,16.473597600979435,80.3051580049373,31.50701009362574,86.3946639751054,0.0,-87.96266395260167,-26.246640674002315,39.773903045494336,75.15403819139435,19.683462346101347,84.20204625259669,1.2722218725854067e-14,-90.03559673371487,-21.834788604387874
46,115.3225875853314,83.3089055191863,131.47142212545705,100.92696760397916,0.0,-91.23752482048907,-22.93704718722318,84.18181329489984,84.39870269566481,63.67504641297036,96.6808784730254,0.0,-86.94864193448372,-19.28945280504376
47,158.09359615716053,57.05830042240345,170.30155994142376,132.89116883102614,1.2722218725854067e-14,-97.85053279631467,-18.110766444358998,-177.8838746667652,63.38638766868421,167.41705029150646,128.94988629105626,1.2722218725854067e-14,-79.1061721757126,-14.640991246272769
48,154.252905853314,59.905958311499084,168.63575083897152,129.25183131774472,0.0,-97.60897472949978,-18.583830570897632,-177.76881808064192,65.02413949899608,165.80849144525286,128.0566208656655,0.0,-79.21940761475133,-13.74788348857769
49,153.78120386987734,60.14080485923979,168.69527529515088,130.6983493986423,-1.2722218725854067e-14,-97.75350656212842,-17.484264169506844,-176.64111651883823,66.24121669480112,165.18798166283568,128.5669159838675,1.2722218725854067e-14,-78.3961471437687,-12.204209124466558
50,158.23306364746753,52.92390119710696,171.0764886270377,139.7862541166265,1.2722218725854067e-14,-98.65820509759065,-15.846557450899505,-175.57701990793075,59.081548994218394,168.71420451248537,137.1710408588341,1.2722218725854067e-14,-76.89177580767543,-11.001845583580902
51,160.90961189073047,48.26844466365526,172.27595778515084,145.32227541395102,1.2722218725854067e-14,-98.11239322329455,-15.223694606153567,-176.3612747459296,52.47267747111734,171.02071503617626,144.33781711155066,0.0,-76.73837632868704,-10.890533171336726
52,160.54150973090574,47.652844086752616,172.16275543058782,145.50788760509272,1.2722218725854067e-14,-98.09273721328121,-15.265214601766681,-175.92122330423877,52.620470587272514,170.63775699736598,143.28240720959786,0.0,-77.23462095690891,-11.34863523336443
53,160.70086954756164,47.17245176775403,172.314558248748,146.9090873203269,0.0,-97.57266037838336,-15.131919706147137,-176.53561495088493,50.32007302488976,171.406934069647,146.6298319632624,1.2722218725854067e-14,-77.27511313847324,-11.19619876075782
54,161.8400591141943,45.496606024108566,173.0316929394357,149.63343521089075,1.2722218725854067e-14,-97.54965585390123,-14.040813931419104,-176.38153885760133,47.77984818367725,172.44919562576848,149.8719032651774,0.0,-76.6434292695548,-10.355411518385962
55,161.59462994105564,45.29480802739364,173.06468625965988,150.18326982391042,-1.2722218725854067e-14,-98.07087736088766,-13.30566457996511,-175.92290902913476,47.72135427185602,172.44713870980485,150.18691994113,0.0,-75.8232865180528,-9.618288322884169
56,162.5104355708664,43.21985285554815,173.97653421292196,152.84180426701334,1.2722218725854067e-14,-98.07862706452983,-12.132547230135291,-175.7496988701846,45.380758244472645,173.50238814400848,152.3880919486759,0.0,-75.5571110881583,-9.144364978837798
57,162.68675801327439,42.360708372799316,174.24010329970517,153.4193897634102,1.2722218725854067e-14,-97.45175137385189,-12.173693886922285,-175.63529878216383,44.113507416973015,173.87456261189627,153.30811515718173,0.0,-75.55848739506615,-9.196733759731154
58,162.50317113507552,42.04030262831886,174.42872090682675,154.09445285946606,0.0,-97.46819021933975,-11.48719106070984,-175.1682424200422,43.625338114542586,174.1097146107297,153.7512847645452,1.2722218725854067e-14,-74.71384849385034,-8.827720376494778
59,163.73822077550656,39.595239169522735,174.98535103077117,156.9912625225191,0.0,-96.88671540531766,-10.710096113977194,-175.8133725211284,41.44611984293217,174.6453772628984,155.988676372502,0.0,-74.65939814329137,-8.352039787249666
60,163.6850282237738,38.90979839352175,175.22150549318866,157.49490098175443,1.2722218725854067e-14,-96.48861760628525,-10.61671210422894,-175.7586443857596,40.97326923898095,174.85774324704536,155.9259558660227,1.2722218725854067e-14,-74.72241945007993,-8.5300576284745
61,163.3973475950108,38.9019165508957,175.24207952794734,157.2371032545413,0.0,-96.78736224636599,-10.640085197305254,-175.26758504970593,40.823194458440355,174.90555356596525,155.77556191194083,0.0,-73.73080426183165,-8.375298034137394
62,163.37314744351937,38.544661021243414,175.12191659270428,157.53127351611678,-1.2722218725854067e-14,-96.75581948488646,-10.569514334770288,-174.98194945140827,40.34744125159428,174.79791238158492,156.24307656711704,0.0,-73.01391098399299,-8.108116781487157
63,163.5039913092056,38.064236836117225,175.08626379864072,158.17986315890775,0.0,-96.9312027179919,-10.274997066103587,-175.23118560795083,39.59455921276332,174.80931447572172,157.32707550673481,0.0,-72.64966413588894,-7.699439584920046
64,162.98703658482083,38.70329529778372,174.82015484741535,158.44848896515515,0.0,-97.18849023022437,-9.916282952568618,-175.54543225389435,40.239829470061686,174.5282978892437,157.38997166616815,1.2722218725854067e-14,-72.33721392576845,-7.518428541036504
65,163.4898680454903,37.836242307795544,174.98674499132008,159.55389123270666,0.0,-97.52926966606944,-9.444447524984591,-175.547673741084,39.46396268121121,174.68520045368533,158.14579698979304,0.0,-71.72898364658666,-7.223173999226324
66,163.7100174345687,37.273963023518846,175.2216137039738,160.17299105871535,0.0,-97.57890789407544,-9.120887937054237,-175.54159334202492,38.967632214715884,174.92092059470738,158.47468302545641,0.0,-71.28171047479876,-7.034542244494933
67,163.06768014292405,37.332202415842076,175.10974816795252,159.82188216129364,0.0,-97.78841212028554,-9.2032495022133,-175.48187632339403,38.85668649895005,174.83352294763105,158.41391571175552,0.0,-71.02947330604884,-6.9922070055482
68,163.6400991215029,35.991801992587575,175.40553146042458,160.67672675383753,0.0,-97.31168051183678,-9.143743666615482,-175.65264459065696,37.2335800241966,175.192237312518,159.45475541786803,1.2722218725854067e-14,-71.30273209646208,-7.052510326952466
69,162.81037866633486,36.26846534577616,175.1074801311591,160.5226689199525,0.0,-97.80636634929688,-9.201633782694865,-175.7454324112798,37.886937337340584,174.81071911663872,159.1323327660276,0.0,-71.37283078803434,-6.912883420243883
70,162.71355941074538,36.123696517069185,175.87802492382517,160.98944107933315,0.0,-97.97062187965642,-8.938441272848108,-175.77885635948533,37.69990002875878,175.63449508414192,159.4591445633533,0.0,-71.11686189034533,-6.7503924426164765
71,163.20050000191915,34.79878874565714,176.38072974527682,161.14686150029914,0.0,-96.72717051026122,-9.258015224246972,-175.22063018454796,36.414130143953784,176.15825885394443,159.7814358340533,0.0,-70.91454449466495,-6.5788204974913675
72,163.46193856236908,34.41834039860345,176.4599972173077,161.30373401049775,0.0,-95.72223142730518,-9.614870598332475,-175.355288588422,35.45287136403849,176.32099544735473,160.76191188462067,0.0,-71.28526227938556,-6.693667239783608
73,163.5142542017953,34.017400959264144,176.41907791423355,161.4833470536082,1.2722218725854067e-14,-95.46274691700711,-9.640012563563529,-175.46084677753188,34.73599362457512,176.32126030955118,161.37712400484077,0.0,-70.96187036765012,-6.585082498339238
74,163.31247542549045,33.740654119298284,176.5342432083437,161.80089450327634,0.0,-95.6449387981565,-9.389792664879272,-175.27542616833568,34.512476989445226,176.43210878648634,161.50990012887343,0.0,-70.0239103793665,-6.308562033444801
75,163.43182406866762,33.59132610420685,176.81211797708266,162.40323447337187,0.0,-95.62138366453563,-8.943701102251206,-175.35184182753284,34.25303805772349,176.73152509666028,161.80153656194514,0.0,-70.09748888046062,-6.279046442082679
76,163.32337472300742,33.66079495200457,176.82757044959703,162.57470816982323,0.0,-95.84328773519164,-8.69622822183547,-175.1750409990701,34.38808448552539,176.73943979133196,161.86392249222567,0.0,-69.62120067726745,-5.980297217698312
77,163.18480752869735,33.81954787341876,176.73068879926439,163.05037094935864,0.0,-96.05249404946944,-8.385617975062617,-175.33553662641515,34.377745358542974,176.66127506204484,162.50644387730597,0.0,-68.36714099536344,-5.515082044029491
78,163.39657545296484,33.36419712698567,177.0022846084803,163.8171447590809,0.0,-95.62553740278652,-8.374181023748038,-175.81092538970975,33.780959158690834,176.95453845715286,163.56752552063227,0.0,-68.71009523216,-5.3965114026469205
79,163.5924247972561,32.85021438448916,177.1705286364623,164.29031903289567,0.0,-95.11629532284515,-8.347664691518743,-176.3050459446706,33.18164494314373,177.13444725032824,164.37320122101875,0.0,-68.92217671738662,-5.210767794311321
80,163.41018256520587,33.15150266411756,177.52071118531785,164.74840922416877,0.0,-95.31060553030878,-8.001852148485264,-176.621558314088,32.977066300957425,177.53717509938468,164.77844954116378,0.0,-70.60512853391494,-5.7360882334481
81,162.23012389470134,33.46648275467256,177.35451174317146,164.03522432071443,0.0,-95.7170082747022,-8.342066510500844,-176.3546590643415,33.090397547651484,177.3921229688599,164.62484199272,1.2722218725854067e-14,-69.83600016342007,-5.659067581885852
82,162.25537242457503,33.08349700210788,177.62866743108506,164.34525957452126,0.0,-95.60704176040583,-8.229754245700057,-176.16627620548866,32.69165657484746,177.66398869037258,164.6012211422363,0.0,-69.9253066481587,-5.806934668852933
83,161.81243246371497,32.77835635465071,177.67409803984467,164.24619007851953,0.0,-95.97577204211261,-8.335270693317096,-176.04615103625275,32.33865858160186,177.7131402889702,164.8285563879554,0.0,-69.1592885994107,-5.585303107252527
84,161.6302554640614,32.8719939436215,177.62308511553084,164.79125840718547,0.0,-96.95171693335779,-7.9685883884599225,-176.05788197603098,32.53418324623133,177.6537281159198,165.23222472502235,0.0,-68.23351635916315,-5.243768135778615
85,161.42265124111688,32.44779469901648,177.56431378124506,165.39505887292776,0.0,-98.24609226658113,-7.522291027614983,-176.3830891415377,32.20925943280126,177.58666432600123,165.79981309283997,0.0,-68.16214931890102,-5.007298025534431
86,161.5217102251083,31.78393179946988,177.54985399809402,166.00559693280272,0.0,-98.65279940944124,-7.397994548836689,-176.69180944725414,31.76926107825214,177.5512558406654,166.23551200649698,0.0,-68.35219396555185,-4.965542386723813
87,161.635481499126,31.34907036783094,177.60377354850564,166.36445911591278,0.0,-99.13062779508851,-7.268668448202355,-176.59525807409457,31.40025335175318,177.5989502520161,166.51085945630683,0.0,-67.92712102019637,-4.862783474035223
88,161.5082866165781,31.155832821903218,177.61544598300028,166.58035537901773,1.2722218725854067e-14,-99.81876477980572,-7.248216590955456,-176.55549140713256,31.374107368266134,177.59486849127015,166.66997321417108,0.0,-68.03393778449409,-4.878548045645848
89,161.40064609133563,30.970332646625465,177.758305092393,166.44699900994374,0.0,-100.04414810829554,-7.406396470466874,-176.15046388616608,31.079921452125944,177.74857141287578,166.71926125201796,0.0,-68.1518656530144,-5.038958086957753
90,160.95073496463448,31.00549073890398,177.7471085446879,165.77648050496978,0.0,-99.61826000882948,-7.857420890230061,-175.86252990728823,30.936748833033505,177.75322923188887,166.47543596403838,1.2722218725854067e-14,-69.0976499812436,-5.370174518176144
91,160.97086276203763,30.951526530352695,177.5951461012019,165.82946760039167,0.0,-99.83253214604193,-7.831961466721543,-175.7234493728253,30.81091634675781,177.6085146605912,166.55324983492636,0.0,-68.97850462970389,-5.43208514708549
92,161.1819790442198,30.776634618558795,177.7656297216023,165.78769977857297,0.0,-99.42885987623907,-8.131659120262697,-175.24354216430297,30.751145278071693,177.76789128355745,166.4960540655004,0.0,-69.0657974758067,-5.549950471995548
93,161.15835807947036,31.35473697450344,177.50814800029875,165.86037334218722,1.2722218725854067e-14,-100.26272387316698,-7.8414448845248685,-174.81851646154192,31.242694567990995,177.519108131894,166.37038124014603,0.0,-68.61658529594725,-5.621904307635707
94,161.55705553448885,31.12177233494422,177.5038675590917,166.42234490559633,1.2722218725854067e-14,-100.10981889803139,-7.722230849784607,-175.08919926967295,30.94165492267844,177.52157962061398,167.03672498499196,0.0,-68.88005884026391,-5.559657443678211
95,161.53811087422056,31.18397274543706,177.61857659644627,166.46496573365485,0.0,-100.40984094942658,-7.70009077682517,-174.55785657040573,31.258042666094976,177.6116172102952,166.7648057381971,0.0,-67.99408372982742,-5.354791004427201
96,159.22747853287467,35.73585049657997,176.71294675573583,165.2319358657408,0.0,-99.94834137065185,-8.56607212194277,-174.57317445395674,35.8409367922421,176.7001991378618,165.44125988617503,0.0,-68.7415236110811,-6.09943778690033
97,159.07617822832722,35.73321026887057,176.89541544104736,165.67572812696852,0.0,-102.9453037592463,-7.44096904733888,-174.1624489663151,35.88932991380412,176.87751847662457,165.3898528097476,0.0,-67.07315995590841,-5.646935303007953
98,158.6835866435934,35.282415298304656,177.1644187230655,165.27793750279483,0.0,-101.91098695610786,-8.049007508861916,-174.25400457024378,35.510483504395545,177.14039277760466,165.44267564989232,0.0,-67.57685669085618,-5.697132306568904
99,159.44821799307164,34.21897491087941,177.62223274075856,165.54676692655588,0.0,-101.96048015824792,-7.772769213249328,-173.60678283586358,34.26728553539746,177.61791629456886,165.9221906728885,1.2722218725854067e-14,-66.57565508242983,-5.199359608446888
100,159.88983092900855,34.249965266410356,177.73840650147173,165.8774085799849,0.0,-102.26739476934183,-7.472330880982142,-173.27779188296438,34.18240753202035,177.74413704411793,166.1054877193142,0.0,-65.75655822932316,-4.984964743794187
101,159.22812182903635,35.999944869595765,177.33767644141187,165.2152024558155,-1.2722218725854067e-14,-99.84494142544554,-8.63057104376507,-173.83873185474076,35.96925303311548,177.34067648984046,165.64774750529634,1.2722218725854067e-14,-69.31126460347932,-6.091075892431281
102,159.50200179380286,35.417663392566816,177.49957273433756,164.99104546293827,0.0,-98.85946136555677,-9.104901272422,-173.9544382988514,35.354746572280284,177.50538554429443,165.7571659346084,0.0,-70.7665638079322,-6.4270158271268
103,160.15855277339517,33.79990905097445,177.91666851842774,165.2340152497109,1.2722218725854067e-14,-100.05295691053026,-8.546058105640888,-173.68420627763496,33.57780612263348,177.9341009405257,166.02124803200687,0.0,-70.5612496443349,-6.3236565374310265
104,160.8636447533172,32.543820133429,178.1793836125817,165.4026653442341,0.0,-99.38096662178748,-8.608384194749263,-173.76653616789304,32.25778899261861,178.19936935639626,166.2854646463747,0.0,-70.9986744719276,-6.3629385196019035
105,162.49422633296032,30.717302594923737,178.4240224221265,166.35284540762177,0.0,-97.76972567374833,-8.474081861509172,-174.51778744103032,30.425627799333416,178.44224152792484,167.26035133694606,0.0,-72.31227019432677,-6.258459185984976
106,162.30023326447346,30.79393295680445,178.3658661113448,165.89093232473024,1.2722218725854067e-14,-97.5951360586825,-8.676349197877965,-174.06578127778,30.434152036777615,178.38911875767474,166.75009036341257,0.0,-72.12402775877919,-6.426894928630284
107,162.565904557332,31.449782706943726,178.34339720400888,165.75690390733877,-1.2722218725854067e-14,-97.30997262015617,-8.613329324837688,-173.8149917965532,30.981301338049157,178.3736863423295,166.53565769382166,1.2722218725854067e-14,-71.71473099131693,-6.374569048343087
108,162.77222865118839,31.38354649142036,177.99856783039448,165.53956906416147,1.2722218725854067e-14,-96.94677915162977,-8.686470985303217,-173.75201863079715,30.828993645474824,178.04190317195247,166.42628261146248,0.0,-72.51839930190799,-6.543530535594292
109,162.99217788393955,32.122901599648834,177.4015843804448,165.310297941587,0.0,-96.5600797936358,-8.659664570374153,-173.42483495542757,31.504881287930157,177.46344688993915,166.43606609353048,0.0,-70.49244939334936,-5.883368574448345
110,163.09591640082664,32.12210253737148,177.0515132931429,165.27276941394055,1.2722218725854067e-14,-97.09793741527963,-8.310158849936943,-173.56649022935736,31.712024345321193,177.09820608602675,166.30548000958032,0.0,-70.10066466444106,-5.487169546263659
111,164.04517337238144,31.352009249089097,177.20739410118426,165.876895680449,0.0,-97.72172748984718,-7.44528101984102,-173.970119144709,30.798973267528034,177.26775280470613,166.77324506201003,0.0,-70.08519060686648,-5.157691464568265
112,164.17542087415913,31.3464283821794,177.2883195547463,165.92880241208073,0.0,-97.45386720459747,-7.371742639588114,-174.16704374653494,31.115673544610182,177.3128591946697,166.4559605261288,0.0,-70.79422308811947,-5.152196975770128
113,164.29827720539183,31.14220034885636,177.17146693030423,166.20504332419796,0.0,-97.22340496169522,-7.043528018271166,-174.80242436431158,31.134169511075235,177.17236326715042,166.4063394455127,0.0,-69.4789662024958,-4.688137035481078
114,164.44702622911356,31.07118926695204,177.2999889297274,166.23141939160018,0.0,-96.96066489828719,-6.843965170726189,-175.26648141932972,31.07393883323052,177.29969559443362,166.16690092510248,0.0,-69.69508004757337,-4.774259855052806
115,165.0476938713226,30.983475373687856,177.51019492930695,166.60167595083772,1.2722218725854067e-14,-95.4299572312554,-6.903235336079763,-175.67689870718343,31.27377745051067,177.48150519706974,166.11571114540712,0.0,-69.57111115740683,-4.680427257170626
116,164.93784762853625,31.522386434214788,177.59579876289416,166.02429844618007,1.2722218725854067e-14,-95.17182762691246,-7.0783490655126675,-175.90783544512706,31.6002035299668,177.5884617730026,165.96672265450138,1.2722218725854067e-14,-69.9941320139608,-4.756205630049618
117,165.38634436259838,31.838598291836842,177.63221947729605,165.85065535475377,1.2722218725854067e-14,-93.97375973937325,-7.303651594397138,-175.7672177631372,32.08373005331124,177.60954177701277,165.67631512071668,0.0,-69.77595664535875,-4.692857198519684
118,165.96117058543234,31.565235362190712,177.58723557874026,166.33687170804524,0.0,-94.04519977942093,-7.06283001414177,-176.19790166207005,31.931601606725224,177.55248738969135,166.05032447613928,0.0,-70.12657694518474,-4.607482848901321
119,166.24580286146906,31.39008922016105,177.6324555967592,166.23349319998746,0.0,-93.87706621860157,-7.213704070622505,-176.28856991984344,31.83128502221734,177.5912347676574,165.84699833284586,0.0,-70.58114073562963,-4.840798112645735
120,165.64336063952913,32.36988891268618,177.4873031884946,165.5364765787153,1.2722218725854067e-14,-95.10390775335578,-7.033132066096366,-176.2527096789558,32.69932185518432,177.455215499917,164.98927621239932,0.0,-70.39132399863264,-5.0259940656632045
121,165.8170757530169,32.62589357313404,177.52277434925156,165.51912851480637,0.0,-95.25482560909892,-6.990527861873162,-176.318574891604,33.28622999337818,177.45938821498032,164.5655213909674,0.0,-70.6093037833309,-5.08497422772104
122,165.45414158843033,33.511113721171284,177.83727121140254,164.47377090510926,0.0,-95.63844590229293,-7.210930876700998,-176.04566530184522,34.285768858930105,177.77314018797404,163.41079203802082,0.0,-70.25918234976596,-5.2492540527589355
123,166.26323096886918,33.53463311615167,178.1836376689455,163.59755986958484,-1.2722218725854067e-14,-93.57095549530503,-8.384710410669424,-175.89794957591627,34.2890609071259,178.13122180662992,162.96790515104666,0.0,-70.86527736692085,-5.786680926129522
124,165.91043520156273,34.46749229872849,178.28045025991582,162.98401553250926,0.0,-93.94321613709867,-8.471309010441924,-175.82848108136187,35.271520524271516,178.22821062425734,162.1481062315573,0.0,-71.04738276119392,-6.035428011478527
125,165.90661860858077,34.81221516092706,178.48727159568978,162.4313830929161,-1.2722218725854067e-14,-94.06980505031892,-8.742370985809522,-175.79371756277877,35.928811639276695,178.42348727505322,161.41804706921482,0.0,-71.4536058792339,-6.243150605485516
126,165.90007404158695,35.75674427539974,178.54089399282478,161.6312682617934,0.0,-94.2263122967302,-8.766544402386533,-175.35905921283208,36.81256275434025,178.4834104737551,160.74916028118426,0.0,-71.02966467119555,-6.1132780790097625
127,166.22029308408648,35.760670138471774,178.7756355380267,161.20331847962478,1.2722218725854067e-14,-93.54567268599845,-9.34193483960846,-175.4566947890658,36.86370120424708,178.72521781287807,160.59901808428924,0.0,-71.62645946541885,-6.429906838070732
128,165.86036670544627,36.60209516303933,179.41427499401357,160.78428176598305,0.0,-94.17261648091316,-9.284940273532836,-174.35782444593093,39.0723197652885,179.35973680159697,158.41367737752165,0.0,-70.77941500685307,-6.410122545878095
129,166.05421425481615,37.00679647649293,179.46904766215806,160.38996603865436,0.0,-94.03209737811432,-9.392915158465211,-174.6158817564344,39.26117783893737,179.42423106119287,158.08955802095346,0.0,-72.12990443678966,-6.922966986761963
130,165.76038067879057,38.35401970583472,178.87993153564753,158.91057356954124,0.0,-94.03483739204562,-9.877880540625974,-174.43395732595627,40.27260205551546,178.8007149788584,157.0106374683878,1.2722218725854067e-14,-72.43114153703323,-7.362343964758998
131,165.34264378507618,39.197250144818895,177.59508349335857,157.49155432615862,0.0,-94.18377955772074,-10.971074221633177,-174.2071810452533,42.36087975611207,177.31067796377636,154.92189944853158,0.0,-72.93400828336293,-7.839835048093619
132,165.67974579291294,39.455390202152905,177.5802547325914,157.36543744595997,0.0,-94.14963673105788,-11.231716391183776,-174.7079696565029,42.021998348662045,177.35056884277986,155.13601207636935,0.0,-73.74766194290454,-8.58786500215542
133,165.90493991341611,39.857702940446444,177.48661405441388,156.78111027023812,1.2722218725854067e-14,-94.24893639824596,-11.55330369643883,-173.89718125784808,43.61708512493461,177.1311588555902,153.00234359432403,1.2722218725854067e-14,-73.47047876846554,-9.003711079968408
134,166.37626931898222,40.36135701870421,177.49690852023875,156.14191724052338,0.0,-94.36089454460863,-11.906396361879462,-174.7620638112536,43.19625139497794,177.23449349495874,153.59101954395555,1.2722218725854067e-14,-73.87882015028555,-9.365176210226158
135,166.34155168843253,40.80458459041783,176.71450747847865,154.96204683107717,0.0,-94.35784558306354,-12.545845344658725,-173.50521610169872,45.59566833724274,176.1135209141771,150.9091472769545,0.0,-72.82925452170468,-9.080751482464194
136,165.63118263937065,42.510063680419876,176.4033548807951,153.32517713738787,0.0,-95.66218976098654,-12.363804853487672,-173.65633087787427,46.438089765922264,175.8733989767637,149.77654295035336,1.2722218725854067e-14,-73.27210255091974,-9.538263412388478
137,165.10458261927653,43.31281431351334,175.73993810299683,152.08844806908044,0.0,-96.49152747676027,-12.557179845227463,-173.4999648892597,47.81724045360285,175.01191153045914,147.8816456312849,0.0,-73.86691297215988,-9.944850186792046
138,164.3755364805844,45.019948894597285,174.01782648620153,149.57821839230883,0.0,-96.57083026874382,-13.595251881837157,-173.04181847843557,51.130623834878044,172.57597506742894,143.90012121407375,0.0,-74.10109504784384,-10.679372654884226
139,163.14052487651506,46.238107764335425,173.05613312090745,147.46803587699662,0.0,-97.52570450380402,-14.15475380549424,-172.87707831829096,55.483469894296725,170.30756001363903,138.8560725966545,1.2722218725854067e-14,-75.26602312204984,-11.003493433025957
140,164.2308049419089,45.23193920963213,173.1593963252421,148.31432965798234,1.2722218725854067e-14,-97.16895252107668,-14.238990437155845,-173.10822456709167,54.62709217349391,170.42050716679063,139.68703513223866,0.0,-75.28703294352424,-11.026191133916235
141,163.11901209432062,47.262180241258434,172.5377062757651,146.57810391998822,0.0,-98.54078254428565,-13.636161541101435,-173.52954757248403,56.52757091797811,169.54319655185554,137.9217731366555,-1.2722218725854067e-14,-75.74130751338701,-10.997469011838525
142,161.40542810498883,49.45535278735722,171.17694366963985,143.01339608394315,1.2722218725854067e-14,-98.83443788078137,-14.562877250363242,-174.48157324149668,62.295762555161296,165.53012736542792,130.74020279082418,1.2722218725854067e-14,-78.20919461003115,-12.031004308790944
143,161.28477042907846,49.268233677049686,170.54377843497366,142.19196309579735,1.2722218725854067e-14,-98.89165365570683,-14.930586302952605,-175.2931872984657,62.76551575334442,164.04567868208593,129.6230491779435,-1.2722218725854067e-14,-78.7932517132177,-12.153452532498445
144,154.94761504425972,56.90878053679565,166.7231757273893,134.1740372892886,1.2722218725854067e-14,-101.0183661778851,-14.547050437727643,178.83835899582073,70.05845876892965,155.63810962238145,122.13746994190797,-1.2722218725854067e-14,-81.7666972830227,-12.66166162180993
145,147.41346400511318,65.42081249230779,161.04659209449864,124.08816253469101,0.0,-100.24914012499701,-15.474559521835276,127.20631997774215,81.441542510705,99.19125245180915,106.33411746622194,0.0,-88.40444468701408,-13.066462489460461
146,145.7263492457108,66.75575890890828,159.0829652854793,123.50496887944749,0.0,-100.71196693023467,-14.647341838744504,140.46384330947802,80.48959418466248,113.74825782311963,109.39955982565557,0.0,-87.20090173737533,-12.620943008240777
147,153.9849132766635,59.405599319906216,164.83601615928887,130.6956065222255,0.0,-100.49480119026012,-15.293199576090892,143.48957000037456,80.11303521691943,117.45387804262425,109.41079990450307,0.0,-87.3812743764744,-12.989548986945481
148,145.63191427164543,65.84645717320814,158.03848964593658,121.30882286676436,0.0,-100.31279227130261,-16.49890779091691,76.97624940675475,77.64218727677869,49.94957243117697,96.79827781937955,0.0,-94.00081229181384,-14.377479105136112
149,145.53862162660633,65.81581240106604,156.3333008210487,122.36275994350312,0.0,-101.05381325901521,-16.100461281882456,95.47466094468588,79.05589554154992,68.79056540642365,102.7067792218103,1.2722218725854067e-14,-92.02998646520186,-13.04650983787835
150,143.83078811505797,67.18880277815012,154.236917990777,122.97661905328968,0.0,-101.56825215957274,-14.978324881993094,139.02629043423968,78.66386014250494,114.23315529863676,111.90682013104457,1.2722218725854067e-14,-88.02696029024895,-12.653320485738796
151,144.05286500619664,67.50394984239058,153.9175496786692,121.75029511538415,0.0,-100.96610407828788,-16.117587891778324,120.75358844122411,79.63888550406652,95.20382145907523,107.77888158730751,0.0,-89.85425720717721,-13.462432390702388
152,108.8589306664342,77.96623021758573,121.92052737025097,106.14416654927136,0.0,-98.90256370351464,-17.10276084591385,55.991221517574424,69.37991856653869,28.741831851004317,89.55214463100896,0.0,-98.09618585276489,-14.205979243432177
153,111.40224524751596,78.01773512491242,124.08042131381241,105.7064463360555,2.5444437451708134e-14,-98.37858803444652,-18.10539235017536,50.14172680476514,65.76692931074258,22.987520115863024,84.52887350352708,1.2722218725854067e-14,-99.95222637229404,-15.280314655904478
154,99.6529390240404,79.07396341494258,112.43480707308147,102.34491459423467,1.2722218725854067e-14,-97.62647880450986,-19.181207665621546,47.02353982665906,62.96023015179726,20.462212535584946,79.92711363051644,0.0,-101.62738917318758,-17.383666843867115
155,97.53565427453417,79.24599065994859,109.90726245284465,102.30427619963946,1.2722218725854067e-14,-97.7033106510872,-19.307256922796004,48.32833343763624,64.87133814719277,22.378905837085494,82.16936025535726,1.2722218725854067e-14,-100.17038927821417,-17.428071913900922
156,102.0500733025648,78.86781123908948,113.9035818107678,102.7424408273267,0.0,-97.92195428689355,-19.51012068957468,50.98618136368425,68.40634576194559,27.03389155564555,83.83785674955311,0.0,-98.24818375218287,-19.052681569255817
157,56.63094750122415,79.91744502004468,69.96844364605982,93.93625151366646,-2.5444437451708134e-14,-95.33256089351987,-20.614743538519182,42.51788485539921,62.76680049340091,18.940928651839602,76.69652863527513,0.0,-100.04554529894446,-19.845511208794306
158,73.65469606883225,80.32917291054056,86.12141091020796,96.82130978413043,0.0,-96.20144930795833,-20.4729714725239,45.73254831488513,65.81168845991084,22.241763724608326,79.3783137218781,0.0,-98.92627407168729,-20.267834780969043
159,53.80686545073992,79.33303565661716,66.58463554261317,89.8910438189334,0.0,-94.66471574569255,-23.617962613136356,41.37927867108461,61.200710785110374,18.32522136467306,70.33535723549707,1.2722218725854067e-14,-101.87594544089927,-24.446833801498027
160,24.80665629171738,74.0914746875008,38.007695307782896,81.05307206488982,0.0,-92.90567317945329,-23.97709145514258,36.97588595062503,56.894463290266515,15.614719741623144,65.37761141464584,0.0,-102.20506319263973,-24.64908704570178
161,24.03877947424357,73.06770114906125,36.98007387917955,79.41440513231596,-1.2722218725854067e-14,-92.91531650400232,-24.621106978393755,35.01773470467278,54.45785131200811,14.853104014742286,62.240250010317524,1.2722218725854067e-14,-102.27316946592208,-25.481058660547667
162,21.879566177098877,72.33956938946888,34.85329347541991,78.491920641701,0.0,-92.52424484936309,-25.275940927089515,32.8804805469289,50.374840690684444,12.693727922321592,57.82807305379056,1.2722218725854067e-14,-103.70399976094743,-26.313059975357763
163,29.832612130314285,74.82809296141939,42.387073228068935,80.84359519906491,1.2722218725854067e-14,-93.08966154279567,-26.642583139607794,34.66063937922115,54.353240398471534,14.767530130528439,60.547880993605105,1.2722218725854067e-14,-101.9482600069503,-27.997458528290306
164,35.526492788719686,76.105702204166,47.84816871227144,82.20523436830729,0.0,-93.36952561519914,-27.39533111094155,35.527206987966494,56.293010859008945,15.956772258080477,61.296368508602924,-1.2722218725854067e-14,-100.96655991446711,-29.386316475890194
165,19.789752146597674,72.43210330655941,32.673449365697934,75.78820029369716,0.0,-90.80373385024524,-28.84299752175705,32.42771121487564,53.160269289605836,13.187618362135646,57.01294260040193,0.0,-101.12224551338876,-30.209678397160776
166,9.13315923009384,66.92910581164993,22.335151788735722,68.22147310984852,0.0,-87.93619831072787,-30.082291309090323,30.714192056625194,51.873648099301604,11.902073569239922,55.68324097745097,0.0,-100.535407576852,-29.833032635905802
167,1.9596813319505255,62.5230985290231,15.253087687837848,62.77947859019992,0.0,-84.69292433689739,-31.003535592426765,27.7691168669059,50.58026496418801,9.581341239122777,53.424415732081314,1.2722218725854067e-14,-98.9271429592729,-30.109795317889876
168,-0.6818829099167756,58.6004278076192,12.227608046267704,60.29853966706684,0.0,-83.56243174236148,-29.565282958720527,26.57403229330331,49.272410812843596,8.635840442130021,54.012782691160865,1.2722218725854067e-14,-98.11601210777405,-27.990749506977792
169,-2.1462112726731384,53.86580653625568,10.17371851768345,55.33542453280709,0.0,-82.08701058170901,-29.812318685686137,25.381356920887566,46.10024766134308,7.701686034425576,50.5961864607872,0.0,-98.58265817993278,-28.238938528764255
170,-2.1951745068599093,51.64099031243669,9.531348894271476,54.487053051362224,0.0,-82.54986970865033,-28.323649037030737,25.33026342850729,46.76675527718782,8.012662575837819,52.468733189131385,0.0,-97.76963764867386,-26.92941991826962
171,-1.9129358719996228,51.14735932760989,9.471983026890177,53.66903540131338,-1.2722218725854067e-14,-82.79736651602492,-28.649559146486144,24.320036960985863,44.253403864343255,7.4206228381740855,48.98410397088654,0.0,-98.02712876309354,-27.917259841500588
172,-1.4143036138559855,51.97061219882497,9.839033015226915,52.19978796291427,0.0,-82.48441371832587,-31.275747505800613,23.99684400138546,43.35939440386831,7.250361923008377,45.71030299289222,1.2722218725854067e-14,-98.064684655955,-30.622200676322837
173,-0.9936548041198243,52.12189117445043,10.152781330516431,50.32984100406683,0.0,-81.86651915995425,-34.616295552498634,24.1565580969423,42.63385056798921,7.252094554178248,43.41490260758699,0.0,-98.06921551217788,-33.51913544799363
174,-0.5254810635254054,52.22559927810173,10.48100796172557,49.093144504110754,1.2722218725854067e-14,-81.67859842968771,-36.87746796876454,24.40333657280653,42.49164347119672,7.419928599440581,41.553531037854675,0.0,-98.10487969247524,-36.18960837302051
175,-0.24559112423815563,51.104186291268874,10.548311238325496,48.089840384286845,1.2722218725854067e-14,-82.0699058874388,-36.24018842345663,24.866428558812913,42.70999531763214,7.835783705147461,42.98291087850471,0.0,-98.61949275948042,-34.69807112016961
176,0.7075008158930338,50.486170788437484,11.046343096251386,48.32599196442676,1.2722218725854067e-14,-83.61538300381491,-34.69387813935737,25.436877403346895,42.69574955182273,8.383473101252406,43.17586378867934,0.0,-99.50330317497964,-34.12045545753116
177,1.889072908180344,50.327210434842954,11.883355518034893,48.86173277935682,0.0,-85.09133526612273,-33.872779260163625,26.0122401913798,42.31229270407959,8.944435984458158,43.829889599714924,1.2722218725854067e-14,-100.21099151470337,-33.27729251190704
178,2.6497265288715437,50.8127229313351,12.335717671676615,47.90172243634138,1.2722218725854067e-14,-85.49616085431285,-35.51697591611835,26.215672587901853,42.07617110732123,9.046447499234686,43.54217397003713,0.0,-100.47177084534378,-33.570470536019556
179,3.1908388444971987,51.05714670133754,12.716020448162672,46.801740702299945,0.0,-85.67770139819274,-37.0845877145273,26.51932794357182,42.11158316890326,9.253178009833135,43.10239055188687,0.0,-100.66433212422909,-34.3323087820326
180,4.465606533400072,51.783380031506084,13.69129758056952,48.16598813813012,0.0,-86.97649923944519,-36.49748186014351,27.35864195269868,42.57564891706166,9.859244281046971,44.60621392014933,0.0,-101.06150398100284,-33.520279183302456
181,5.9989740099399915,52.76935660853774,15.0061912120964,48.84550304677515,0.0,-88.23954292423218,-36.428153911384506,28.29513821496394,43.43021962593637,10.734352238618404,46.0058093627067,0.0,-101.39255781900897,-32.83062012384013
182,6.723715309449315,53.203677225214676,15.539131433493738,49.40682261980111,0.0,-88.89922107971728,-36.18711259112824,28.649090758513974,43.80279219222949,11.080114016818891,46.60780545992448,1.2722218725854067e-14,-101.31744767064781,-32.52936655488363
